	Acrchr1.aa	AcreTS7_1.aa	Annmae1.aa	Anntru1.aa	Astsub1.aa	Beaba1.aa	Bisma1.aa	Bismed1.aa	Chafu1.aa	Chame1.aa	Chathe1.aa	Colab1.aa	Colac2.aa	Colca1.aa	Colce1.aa	Colch1.aa	Colco1.aa	Colcu1.aa	Coler1.aa	Colfa1.aa	Colfi1.aa	Colgl1.aa	Colgo1.aa	Colhig2.aa	Colin1.aa	Collu1.aa	Colme1.aa	Colna1.aa	Colny1.aa	Color1.aa	Colorb1.aa	Colpa1.aa	Colph1.aa	Colsa1.aa	Colsi1.aa	Colso1.aa	Colsu1.aa	Colsub1.aa	Colta1.aa	Colto1.aa	Colzo1.aa	Cormi1.aa	Crypa2.aa	CtCBS203_1.aa	Cylol1.aa	Daces1.aa	Dacma1.aa	Dalba1.aa	Dalloc1.aa	Dalver1.aa	Diaam1.aa	Escweb1.aa	Fusgr1.aa	Fusoxalb1.aa	Fustri1.aa	Fusve2.aa	GCA_001625285.1.aa	GCA_004920355.1.aa	GCA_005350895.1.aa	GCA_006783085.1.aa	GCA_009806415.1.aa	GCA_011075155.1.aa	GCA_011800055.1.aa	GCA_014235925.1.aa	GCA_014235935.1.aa	GCA_014235945.1.aa	GCA_014235955.1.aa	GCA_018906675.1.aa	GCA_018906765.1.aa	GCA_018907675.1.aa	GCA_025327125.1.aa	GCA_025327135.1.aa	GCA_025327145.1.aa	GCA_025327155.1.aa	GCA_025327165.1.aa	GCA_025328335.1.aa	GCA_025328345.1.aa	GCA_025328355.1.aa	GCA_025328625.1.aa	GCA_025328985.1.aa	GCA_025329375.1.aa	GCA_025329385.1.aa	GCA_025330015.1.aa	GCA_027942835.1.aa	GCA_027942845.1.aa	GCA_029226625.1.aa	Grocl1.aa	Hyparg1.aa	Hypcer1.aa	Hypfus1.aa	Ilyeu1.aa	KdCBS826_1.aa	Metac1.aa	Micbo1.aa	Mictri1.aa	Neodi1.aa	Ophpic1.aa	Plecuc1.aa	Porpun1.aa	Pseve2.aa	Roster1.aa	Seagrass.aa	Sorhu1.aa	Stael1.aa	Triaru1.aa	Trihar1.aa	Tripar1.aa	Truan1.aa	Verda1.aa	Xyllon1.aa
Acrchr1.aa	0.0	6725.0	5862.0	5816.0	5627.0	6030.0	5818.0	5802.0	5717.0	5793.0	5169.0	6285.0	6210.0	6124.0	6150.0	5906.0	6304.0	6237.0	6155.0	6100.0	6219.0	5858.0	6225.0	6179.0	6003.0	6238.0	6310.0	6151.0	6190.0	6266.0	6154.0	6304.0	6267.0	6153.0	6237.0	6163.0	6136.0	6078.0	6282.0	5887.0	6154.0	5864.0	5531.0	5826.0	6407.0	6306.0	6327.0	5789.0	5818.0	5800.0	5531.0	5392.0	6477.0	6280.0	6479.0	4969.0	5736.0	6158.0	5831.0	6071.0	6252.0	6204.0	6133.0	6179.0	6276.0	6338.0	6318.0	6116.0	6125.0	6120.0	5944.0	6004.0	6006.0	5993.0	6007.0	5968.0	5965.0	5988.0	5966.0	5999.0	5952.0	5958.0	5978.0	5925.0	5970.0	6128.0	5179.0	5869.0	5839.0	5856.0	6402.0	5833.0	6062.0	5799.0	5805.0	6430.0	5498.0	6122.0	5744.0	5899.0	5789.0	6075.0	5691.0	6554.0	5977.0	6286.0	6082.0	6007.0	6030.0	5860.0
AcreTS7_1.aa	6725.0	0.0	5960.0	5921.0	5723.0	6147.0	5936.0	5917.0	5816.0	5909.0	5185.0	6643.0	6554.0	6358.0	6394.0	6119.0	6642.0	6521.0	6425.0	6346.0	6533.0	6188.0	6567.0	6491.0	6275.0	6581.0	6636.0	6381.0	6510.0	6514.0	6409.0	6627.0	6592.0	6438.0	6567.0	6439.0	6409.0	6328.0	6624.0	6181.0	6423.0	5994.0	5668.0	5971.0	6765.0	6675.0	6692.0	5855.0	5904.0	5901.0	5687.0	5400.0	6783.0	6715.0	6894.0	5261.0	6004.0	6443.0	6043.0	6321.0	6584.0	6519.0	6481.0	6475.0	6571.0	6632.0	6630.0	6428.0	6443.0	6453.0	6223.0	6276.0	6273.0	6274.0	6279.0	6245.0	6257.0	6264.0	6248.0	6281.0	6241.0	6234.0	6275.0	6218.0	6247.0	6340.0	5257.0	5977.0	5926.0	5965.0	6768.0	5943.0	6151.0	6059.0	6095.0	6709.0	5575.0	6517.0	5800.0	6042.0	5872.0	6344.0	5714.0	6890.0	6053.0	6406.0	6112.0	6236.0	6265.0	5991.0
Annmae1.aa	5862.0	5960.0	0.0	9788.0	7366.0	5761.0	8030.0	7924.0	6183.0	6311.0	5488.0	6544.0	6481.0	6383.0	6416.0	6126.0	6561.0	6483.0	6470.0	6388.0	6458.0	6154.0	6466.0	6464.0	6227.0	6511.0	6556.0	6400.0	6443.0	6551.0	6438.0	6548.0	6527.0	6400.0	6484.0	6410.0	6414.0	6355.0	6535.0	6148.0	6462.0	5627.0	6230.0	8119.0	6143.0	6012.0	6011.0	8726.0	8902.0	8869.0	6203.0	5240.0	6186.0	6014.0	6243.0	4762.0	6016.0	6428.0	6082.0	6297.0	6502.0	6452.0	6439.0	6404.0	6587.0	6609.0	6609.0	6379.0	6391.0	6393.0	6220.0	6248.0	6278.0	6266.0	6254.0	6257.0	6246.0	6254.0	6261.0	6277.0	6196.0	6234.0	6239.0	6177.0	6188.0	6398.0	5627.0	7826.0	9019.0	9131.0	6073.0	7794.0	5729.0	6653.0	6662.0	6215.0	5926.0	6173.0	7307.0	7360.0	9593.0	6295.0	6156.0	6426.0	5763.0	6094.0	5858.0	7423.0	6073.0	7869.0
Anntru1.aa	5816.0	5921.0	9788.0	0.0	7352.0	5726.0	8022.0	7897.0	6133.0	6272.0	5480.0	6495.0	6432.0	6348.0	6363.0	6070.0	6505.0	6428.0	6403.0	6320.0	6403.0	6115.0	6420.0	6386.0	6160.0	6456.0	6497.0	6344.0	6399.0	6477.0	6372.0	6504.0	6484.0	6342.0	6442.0	6361.0	6364.0	6298.0	6483.0	6080.0	6409.0	5573.0	6217.0	8104.0	6097.0	5966.0	5968.0	8725.0	8891.0	8833.0	6155.0	5212.0	6094.0	5958.0	6149.0	4708.0	5947.0	6353.0	6011.0	6237.0	6451.0	6399.0	6391.0	6352.0	6523.0	6552.0	6543.0	6322.0	6331.0	6337.0	6150.0	6189.0	6218.0	6211.0	6195.0	6196.0	6189.0	6193.0	6202.0	6217.0	6143.0	6182.0	6181.0	6144.0	6146.0	6348.0	5609.0	7845.0	8993.0	9123.0	6026.0	7793.0	5681.0	6576.0	6611.0	6148.0	5886.0	6123.0	7270.0	7301.0	9554.0	6254.0	6148.0	6370.0	5746.0	6036.0	5833.0	7345.0	6015.0	7889.0
Astsub1.aa	5627.0	5723.0	7366.0	7352.0	0.0	5514.0	7359.0	7229.0	5910.0	6008.0	5199.0	6211.0	6157.0	6060.0	6107.0	5754.0	6212.0	6135.0	6125.0	6028.0	6124.0	5807.0	6123.0	6141.0	5871.0	6155.0	6216.0	6051.0	6103.0	6187.0	6053.0	6221.0	6170.0	6050.0	6155.0	6093.0	6099.0	6020.0	6191.0	5802.0	6115.0	5377.0	5925.0	7380.0	5865.0	5761.0	5747.0	7198.0	7270.0	7237.0	5895.0	4956.0	5890.0	5742.0	5970.0	4533.0	5645.0	6095.0	5774.0	5973.0	6151.0	6107.0	6064.0	6053.0	6183.0	6253.0	6235.0	6049.0	6048.0	6063.0	5818.0	5862.0	5859.0	5871.0	5859.0	5845.0	5840.0	5843.0	5866.0	5865.0	5821.0	5824.0	5841.0	5799.0	5841.0	6038.0	5286.0	8532.0	7444.0	7568.0	5807.0	8449.0	5455.0	6286.0	6326.0	5919.0	5548.0	5849.0	7528.0	6755.0	7278.0	5960.0	5823.0	6202.0	5487.0	5823.0	5548.0	6971.0	5734.0	8786.0
Beaba1.aa	6030.0	6147.0	5761.0	5726.0	5514.0	0.0	5704.0	5677.0	5610.0	5676.0	5023.0	6199.0	6110.0	6005.0	6060.0	5800.0	6203.0	6127.0	6065.0	5998.0	6116.0	5834.0	6134.0	6109.0	5901.0	6136.0	6211.0	6016.0	6091.0	6156.0	6039.0	6199.0	6152.0	6050.0	6143.0	6036.0	6036.0	5977.0	6185.0	5783.0	6048.0	7408.0	5517.0	5733.0	6305.0	6257.0	6238.0	5675.0	5721.0	5712.0	5519.0	5491.0	6325.0	6205.0	6393.0	4883.0	5655.0	6080.0	5734.0	5958.0	6183.0	6117.0	6103.0	6074.0	6175.0	6222.0	6196.0	6017.0	6025.0	6034.0	5868.0	5904.0	5920.0	5910.0	5906.0	5891.0	5885.0	5904.0	5906.0	5928.0	5872.0	5868.0	5895.0	5838.0	5874.0	6006.0	5207.0	5787.0	5738.0	5748.0	6370.0	5786.0	6573.0	5698.0	5718.0	6368.0	5456.0	5969.0	5616.0	5822.0	5686.0	5969.0	5533.0	6390.0	6157.0	6521.0	6228.0	6001.0	5818.0	5805.0
Bisma1.aa	5818.0	5936.0	8030.0	8022.0	7359.0	5704.0	0.0	8987.0	6125.0	6270.0	5443.0	6499.0	6448.0	6369.0	6420.0	6078.0	6514.0	6445.0	6438.0	6375.0	6406.0	6061.0	6445.0	6416.0	6177.0	6473.0	6511.0	6392.0	6408.0	6470.0	6418.0	6505.0	6497.0	6347.0	6431.0	6386.0	6436.0	6360.0	6498.0	6099.0	6413.0	5566.0	6235.0	9173.0	6066.0	6005.0	5957.0	7831.0	7928.0	7881.0	6200.0	5186.0	6143.0	5955.0	6147.0	4679.0	5944.0	6392.0	6063.0	6289.0	6447.0	6404.0	6357.0	6341.0	6479.0	6524.0	6503.0	6333.0	6332.0	6342.0	6137.0	6173.0	6196.0	6210.0	6182.0	6174.0	6179.0	6160.0	6195.0	6186.0	6140.0	6161.0	6187.0	6122.0	6169.0	6379.0	5541.0	7939.0	8065.0	8167.0	6004.0	7852.0	5688.0	6570.0	6603.0	6198.0	5852.0	6135.0	7312.0	7356.0	7941.0	6276.0	6113.0	6300.0	5667.0	5993.0	5775.0	7349.0	6047.0	7937.0
Bismed1.aa	5802.0	5917.0	7924.0	7897.0	7229.0	5677.0	8987.0	0.0	6111.0	6225.0	5455.0	6495.0	6448.0	6352.0	6384.0	6065.0	6522.0	6443.0	6400.0	6338.0	6408.0	6048.0	6430.0	6351.0	6170.0	6469.0	6518.0	6380.0	6393.0	6457.0	6368.0	6517.0	6496.0	6351.0	6430.0	6370.0	6401.0	6317.0	6502.0	6075.0	6394.0	5521.0	6204.0	9390.0	6035.0	5960.0	5925.0	7749.0	7857.0	7811.0	6170.0	5188.0	6103.0	5932.0	6109.0	4648.0	5921.0	6347.0	6012.0	6246.0	6426.0	6407.0	6346.0	6336.0	6487.0	6541.0	6520.0	6336.0	6343.0	6350.0	6133.0	6170.0	6187.0	6209.0	6180.0	6149.0	6169.0	6173.0	6176.0	6174.0	6130.0	6159.0	6167.0	6132.0	6161.0	6365.0	5578.0	7739.0	7908.0	7994.0	5971.0	7725.0	5618.0	6553.0	6586.0	6150.0	5876.0	6125.0	7250.0	7320.0	7837.0	6295.0	6118.0	6213.0	5645.0	5928.0	5730.0	7250.0	6034.0	7772.0
Chafu1.aa	5717.0	5816.0	6183.0	6133.0	5910.0	5610.0	6125.0	6111.0	0.0	7784.0	6114.0	6235.0	6186.0	6148.0	6180.0	5864.0	6227.0	6200.0	6202.0	6136.0	6142.0	5782.0	6173.0	6158.0	5933.0	6184.0	6232.0	6152.0	6127.0	6232.0	6086.0	6226.0	6230.0	6091.0	6153.0	6147.0	6173.0	6099.0	6208.0	5864.0	6197.0	5493.0	5939.0	6205.0	5914.0	5830.0	5809.0	6091.0	6113.0	6120.0	5892.0	5129.0	5978.0	5831.0	5980.0	4560.0	5678.0	6130.0	5832.0	6055.0	6165.0	6119.0	6046.0	6074.0	6215.0	6273.0	6278.0	6047.0	6050.0	6068.0	5856.0	5911.0	5913.0	5916.0	5909.0	5909.0	5883.0	5881.0	5894.0	5906.0	5846.0	5866.0	5900.0	5812.0	5891.0	6133.0	5532.0	6248.0	6181.0	6199.0	5875.0	6203.0	5662.0	5877.0	5913.0	5942.0	5830.0	6020.0	5981.0	6231.0	6112.0	5998.0	6603.0	6131.0	5592.0	5875.0	5693.0	6330.0	5873.0	6245.0
Chame1.aa	5793.0	5909.0	6311.0	6272.0	6008.0	5676.0	6270.0	6225.0	7784.0	0.0	6186.0	6485.0	6423.0	6311.0	6353.0	5998.0	6480.0	6395.0	6388.0	6293.0	6380.0	6032.0	6394.0	6368.0	6125.0	6425.0	6486.0	6319.0	6348.0	6409.0	6291.0	6474.0	6459.0	6313.0	6403.0	6329.0	6347.0	6271.0	6458.0	6077.0	6354.0	5543.0	6054.0	6342.0	6104.0	6060.0	6057.0	6228.0	6231.0	6229.0	6022.0	5172.0	6182.0	6041.0	6235.0	4788.0	5901.0	6332.0	5996.0	6229.0	6430.0	6384.0	6325.0	6316.0	6465.0	6527.0	6548.0	6282.0	6281.0	6297.0	6061.0	6115.0	6112.0	6118.0	6117.0	6104.0	6102.0	6092.0	6110.0	6110.0	6065.0	6079.0	6094.0	6042.0	6077.0	6294.0	5530.0	6336.0	6325.0	6309.0	6120.0	6318.0	5668.0	6048.0	6031.0	6098.0	5858.0	6212.0	6048.0	6347.0	6252.0	6177.0	6748.0	6340.0	5669.0	6012.0	5771.0	6500.0	6020.0	6406.0
Chathe1.aa	5169.0	5185.0	5488.0	5480.0	5199.0	5023.0	5443.0	5455.0	6114.0	6186.0	0.0	5485.0	5473.0	5478.0	5467.0	5322.0	5498.0	5468.0	5474.0	5467.0	5443.0	5076.0	5457.0	5440.0	5341.0	5469.0	5489.0	5473.0	5402.0	5498.0	5444.0	5486.0	5501.0	5425.0	5443.0	5473.0	5467.0	5417.0	5489.0	5212.0	5480.0	4903.0	5222.0	5476.0	5156.0	5085.0	5032.0	5457.0	5461.0	5467.0	5242.0	4736.0	5254.0	5080.0	5223.0	3883.0	5081.0	5443.0	5207.0	5420.0	5432.0	5415.0	5336.0	5393.0	5475.0	5526.0	5544.0	5348.0	5357.0	5367.0	5232.0	5278.0	5287.0	5287.0	5284.0	5276.0	5256.0	5273.0	5256.0	5296.0	5251.0	5265.0	5265.0	5215.0	5295.0	5475.0	5046.0	5444.0	5456.0	5464.0	5090.0	5416.0	5045.0	5275.0	5266.0	5237.0	5287.0	5353.0	5337.0	5527.0	5447.0	5374.0	5953.0	5278.0	5023.0	5152.0	5123.0	5510.0	5290.0	5459.0
Colab1.aa	6285.0	6643.0	6544.0	6495.0	6211.0	6199.0	6499.0	6495.0	6235.0	6485.0	5485.0	0.0	12479.0	9544.0	9861.0	8944.0	15270.0	14115.0	9768.0	9494.0	12606.0	10285.0	12728.0	10356.0	9684.0	13885.0	14906.0	9579.0	12969.0	11640.0	10031.0	14911.0	12102.0	11800.0	12732.0	9650.0	9693.0	9438.0	15257.0	9877.0	9678.0	6060.0	6374.0	6660.0	7436.0	7452.0	7478.0	6372.0	6433.0	6424.0	6657.0	5433.0	7254.0	7330.0	7511.0	5897.0	9645.0	10186.0	9117.0	9623.0	10966.0	12293.0	10781.0	10226.0	10450.0	10590.0	10560.0	12447.0	12481.0	12543.0	9858.0	9911.0	9916.0	9950.0	9911.0	9922.0	9857.0	9904.0	9940.0	9930.0	9902.0	9876.0	9910.0	9914.0	10924.0	9514.0	5769.0	6517.0	6548.0	6590.0	7618.0	6502.0	6252.0	6566.0	6612.0	7432.0	6078.0	7704.0	6172.0	6927.0	6450.0	10918.0	6200.0	7187.0	6250.0	6641.0	6229.0	7140.0	7343.0	6573.0
Colac2.aa	6210.0	6554.0	6481.0	6432.0	6157.0	6110.0	6448.0	6448.0	6186.0	6423.0	5473.0	12479.0	0.0	9305.0	9605.0	8761.0	12524.0	11960.0	9535.0	9285.0	12008.0	9973.0	11982.0	10022.0	9452.0	12147.0	12479.0	9335.0	12062.0	10924.0	9696.0	12522.0	11801.0	11371.0	12054.0	9412.0	9442.0	9183.0	12442.0	9624.0	9458.0	5976.0	6303.0	6601.0	7328.0	7325.0	7345.0	6313.0	6395.0	6358.0	6576.0	5389.0	7131.0	7157.0	7361.0	5736.0	9351.0	9895.0	8835.0	9346.0	10587.0	11828.0	10423.0	9868.0	10092.0	10256.0	10214.0	11787.0	11822.0	11857.0	9596.0	9651.0	9661.0	9686.0	9650.0	9659.0	9585.0	9638.0	9679.0	9683.0	9621.0	9625.0	9645.0	9683.0	10664.0	9227.0	5723.0	6463.0	6483.0	6513.0	7442.0	6476.0	6182.0	6478.0	6522.0	7275.0	6035.0	7564.0	6123.0	6876.0	6409.0	10642.0	6156.0	7068.0	6166.0	6565.0	6170.0	7076.0	7234.0	6538.0
Colca1.aa	6124.0	6358.0	6383.0	6348.0	6060.0	6005.0	6369.0	6352.0	6148.0	6311.0	5478.0	9544.0	9305.0	0.0	10361.0	8401.0	9505.0	9324.0	10458.0	10308.0	9271.0	8698.0	9458.0	9569.0	9203.0	9331.0	9491.0	10410.0	9273.0	9384.0	8950.0	9489.0	9430.0	9163.0	9295.0	11018.0	10413.0	9976.0	9449.0	9319.0	10949.0	5822.0	6195.0	6432.0	6811.0	6784.0	6751.0	6279.0	6322.0	6308.0	6374.0	5359.0	6771.0	6681.0	6888.0	5357.0	9047.0	9412.0	8707.0	9047.0	9274.0	9238.0	9113.0	9076.0	9191.0	9307.0	9297.0	9073.0	9097.0	9123.0	8533.0	8559.0	8607.0	8589.0	8564.0	8580.0	8561.0	8549.0	8605.0	8591.0	8541.0	8526.0	8585.0	8609.0	8671.0	10505.0	5626.0	6363.0	6397.0	6426.0	6857.0	6355.0	6041.0	6389.0	6469.0	6779.0	5917.0	7184.0	6097.0	6733.0	6328.0	8797.0	6145.0	6865.0	6007.0	6407.0	6076.0	6810.0	6983.0	6420.0
Colce1.aa	6150.0	6394.0	6416.0	6363.0	6107.0	6060.0	6420.0	6384.0	6180.0	6353.0	5467.0	9861.0	9605.0	10361.0	0.0	8593.0	9820.0	9605.0	10591.0	10314.0	9596.0	8944.0	9772.0	9939.0	9476.0	9640.0	9825.0	10392.0	9619.0	9615.0	9161.0	9836.0	9703.0	9470.0	9641.0	10489.0	10491.0	10034.0	9785.0	9673.0	10482.0	5916.0	6225.0	6481.0	6901.0	6933.0	6893.0	6281.0	6330.0	6322.0	6406.0	5349.0	6885.0	6807.0	7009.0	5461.0	9364.0	9723.0	8920.0	9299.0	9576.0	9539.0	9376.0	9391.0	9462.0	9618.0	9603.0	9374.0	9397.0	9409.0	8714.0	8773.0	8793.0	8793.0	8777.0	8782.0	8746.0	8763.0	8782.0	8775.0	8749.0	8736.0	8778.0	8806.0	8917.0	10444.0	5645.0	6387.0	6439.0	6445.0	6997.0	6410.0	6053.0	6455.0	6519.0	6867.0	5957.0	7343.0	6136.0	6794.0	6347.0	9035.0	6156.0	6920.0	6057.0	6450.0	6103.0	6877.0	7093.0	6468.0
Colch1.aa	5906.0	6119.0	6126.0	6070.0	5754.0	5800.0	6078.0	6065.0	5864.0	5998.0	5322.0	8944.0	8761.0	8401.0	8593.0	0.0	8965.0	8737.0	8561.0	8374.0	8809.0	8317.0	8848.0	9061.0	9242.0	8819.0	8954.0	8464.0	8778.0	8721.0	8700.0	8969.0	8853.0	8692.0	8832.0	8484.0	8490.0	8337.0	8901.0	8697.0	8501.0	5631.0	5921.0	6149.0	6499.0	6507.0	6450.0	5998.0	6053.0	6050.0	6125.0	5197.0	6556.0	6433.0	6632.0	5086.0	8491.0	8986.0	8168.0	8561.0	8834.0	8793.0	8717.0	8877.0	8881.0	9008.0	9001.0	8627.0	8647.0	8651.0	8296.0	8350.0	8365.0	8367.0	8351.0	8348.0	8304.0	8342.0	8353.0	8384.0	8323.0	8326.0	8354.0	8330.0	8330.0	8421.0	5413.0	6001.0	6086.0	6112.0	6531.0	6012.0	5810.0	6094.0	6145.0	6542.0	5714.0	7056.0	5800.0	6428.0	6040.0	8468.0	5911.0	6485.0	5762.0	6066.0	5837.0	6481.0	6842.0	6059.0
Colco1.aa	6304.0	6642.0	6561.0	6505.0	6212.0	6203.0	6514.0	6522.0	6227.0	6480.0	5498.0	15270.0	12524.0	9505.0	9820.0	8965.0	0.0	14406.0	9748.0	9483.0	12622.0	10325.0	12682.0	10362.0	9683.0	13805.0	15403.0	9567.0	12909.0	11747.0	10041.0	15408.0	12432.0	11867.0	12844.0	9616.0	9652.0	9413.0	15794.0	9867.0	9655.0	6059.0	6390.0	6667.0	7429.0	7463.0	7470.0	6389.0	6445.0	6437.0	6672.0	5437.0	7275.0	7342.0	7520.0	5909.0	9643.0	10192.0	9108.0	9620.0	11019.0	12300.0	10822.0	10239.0	10483.0	10614.0	10589.0	12523.0	12563.0	12608.0	9904.0	9950.0	9960.0	10001.0	9954.0	9969.0	9898.0	9938.0	9987.0	9977.0	9950.0	9923.0	9945.0	9967.0	10940.0	9495.0	5773.0	6528.0	6569.0	6596.0	7623.0	6514.0	6262.0	6574.0	6609.0	7448.0	6101.0	7718.0	6187.0	6943.0	6461.0	10933.0	6213.0	7186.0	6268.0	6649.0	6254.0	7151.0	7370.0	6580.0
Colcu1.aa	6237.0	6521.0	6483.0	6428.0	6135.0	6127.0	6445.0	6443.0	6200.0	6395.0	5468.0	14115.0	11960.0	9324.0	9605.0	8737.0	14406.0	0.0	9526.0	9296.0	12048.0	9830.0	12129.0	10063.0	9423.0	13090.0	14355.0	9335.0	12296.0	11367.0	9708.0	14449.0	11885.0	11416.0	12222.0	9425.0	9458.0	9229.0	14342.0	9566.0	9460.0	5977.0	6316.0	6568.0	7244.0	7247.0	7234.0	6319.0	6381.0	6369.0	6576.0	5380.0	7073.0	7106.0	7288.0	5688.0	9337.0	9877.0	8909.0	9399.0	10514.0	11625.0	10303.0	9865.0	10116.0	10260.0	10226.0	11861.0	11884.0	11917.0	9507.0	9573.0	9574.0	9598.0	9574.0	9573.0	9523.0	9550.0	9585.0	9579.0	9541.0	9529.0	9550.0	9563.0	10532.0	9308.0	5734.0	6453.0	6482.0	6502.0	7373.0	6452.0	6152.0	6486.0	6541.0	7248.0	6040.0	7529.0	6118.0	6850.0	6402.0	10541.0	6158.0	7028.0	6143.0	6522.0	6152.0	7025.0	7252.0	6522.0
Coler1.aa	6155.0	6425.0	6470.0	6403.0	6125.0	6065.0	6438.0	6400.0	6202.0	6388.0	5474.0	9768.0	9535.0	10458.0	10591.0	8561.0	9748.0	9526.0	0.0	10496.0	9505.0	8967.0	9668.0	9823.0	9356.0	9581.0	9737.0	10465.0	9514.0	9539.0	9165.0	9735.0	9625.0	9384.0	9557.0	10631.0	11868.0	10906.0	9696.0	9571.0	10748.0	5898.0	6270.0	6507.0	6949.0	6915.0	6909.0	6334.0	6389.0	6375.0	6414.0	5382.0	6888.0	6801.0	7016.0	5449.0	9263.0	9643.0	8859.0	9223.0	9555.0	9489.0	9399.0	9334.0	9460.0	9606.0	9574.0	9323.0	9335.0	9363.0	8715.0	8767.0	8805.0	8785.0	8773.0	8782.0	8753.0	8753.0	8806.0	8793.0	8756.0	8754.0	8772.0	8802.0	8873.0	10501.0	5660.0	6428.0	6479.0	6517.0	7031.0	6426.0	6074.0	6458.0	6570.0	6910.0	5948.0	7335.0	6140.0	6801.0	6389.0	8975.0	6159.0	7021.0	6062.0	6499.0	6103.0	6889.0	7081.0	6479.0
Colfa1.aa	6100.0	6346.0	6388.0	6320.0	6028.0	5998.0	6375.0	6338.0	6136.0	6293.0	5467.0	9494.0	9285.0	10308.0	10314.0	8374.0	9483.0	9296.0	10496.0	0.0	9240.0	8650.0	9382.0	9518.0	9118.0	9317.0	9484.0	10284.0	9259.0	9298.0	8921.0	9484.0	9376.0	9120.0	9282.0	10390.0	10426.0	9985.0	9435.0	9256.0	10465.0	5831.0	6167.0	6430.0	6777.0	6747.0	6715.0	6270.0	6327.0	6293.0	6322.0	5339.0	6770.0	6675.0	6877.0	5330.0	8946.0	9349.0	8668.0	9016.0	9235.0	9214.0	9076.0	9017.0	9159.0	9304.0	9270.0	9061.0	9074.0	9090.0	8476.0	8532.0	8552.0	8548.0	8537.0	8533.0	8516.0	8531.0	8560.0	8566.0	8513.0	8536.0	8536.0	8547.0	8657.0	10320.0	5618.0	6315.0	6378.0	6409.0	6814.0	6313.0	6002.0	6338.0	6408.0	6768.0	5912.0	7183.0	6063.0	6710.0	6303.0	8770.0	6133.0	6838.0	5971.0	6356.0	6035.0	6748.0	6975.0	6382.0
Colfi1.aa	6219.0	6533.0	6458.0	6403.0	6124.0	6116.0	6406.0	6408.0	6142.0	6380.0	5443.0	12606.0	12008.0	9271.0	9596.0	8809.0	12622.0	12048.0	9505.0	9240.0	0.0	10078.0	11957.0	10109.0	9501.0	11978.0	12632.0	9335.0	12348.0	11016.0	9791.0	12679.0	11696.0	11611.0	12412.0	9414.0	9409.0	9244.0	12524.0	9696.0	9437.0	5969.0	6296.0	6539.0	7318.0	7333.0	7358.0	6312.0	6366.0	6341.0	6585.0	5354.0	7147.0	7198.0	7389.0	5765.0	9459.0	9973.0	8902.0	9398.0	10703.0	11925.0	10572.0	9970.0	10171.0	10350.0	10310.0	12325.0	12366.0	12400.0	9729.0	9782.0	9797.0	9821.0	9783.0	9798.0	9739.0	9770.0	9789.0	9806.0	9763.0	9746.0	9785.0	9781.0	11000.0	9247.0	5719.0	6415.0	6450.0	6487.0	7469.0	6403.0	6158.0	6503.0	6509.0	7330.0	6015.0	7575.0	6082.0	6850.0	6383.0	10787.0	6139.0	7072.0	6169.0	6547.0	6157.0	7043.0	7234.0	6496.0
Colgl1.aa	5858.0	6188.0	6154.0	6115.0	5807.0	5834.0	6061.0	6048.0	5782.0	6032.0	5076.0	10285.0	9973.0	8698.0	8944.0	8317.0	10325.0	9830.0	8967.0	8650.0	10078.0	0.0	10112.0	9536.0	8887.0	9997.0	10314.0	8754.0	10085.0	9508.0	9789.0	10315.0	9945.0	9777.0	10132.0	8790.0	8863.0	8665.0	10203.0	9068.0	8862.0	5639.0	5981.0	6242.0	7116.0	7093.0	7165.0	5959.0	6009.0	6002.0	6279.0	5036.0	6826.0	6975.0	7091.0	5642.0	8843.0	9421.0	8324.0	8750.0	12872.0	10173.0	12944.0	10026.0	10241.0	10425.0	10368.0	9892.0	9914.0	9918.0	11320.0	11343.0	11348.0	11404.0	11359.0	11372.0	11192.0	11278.0	11354.0	11346.0	11231.0	11272.0	11359.0	11554.0	9255.0	8611.0	5391.0	6116.0	6136.0	6170.0	7257.0	6112.0	5834.0	6177.0	6223.0	6998.0	5662.0	7251.0	5720.0	6465.0	6072.0	9369.0	5778.0	6758.0	5877.0	6264.0	5806.0	6778.0	6811.0	6147.0
Colgo1.aa	6225.0	6567.0	6466.0	6420.0	6123.0	6134.0	6445.0	6430.0	6173.0	6394.0	5457.0	12728.0	11982.0	9458.0	9772.0	8848.0	12682.0	12129.0	9668.0	9382.0	11957.0	10112.0	0.0	10204.0	9564.0	11994.0	12636.0	9491.0	12029.0	11291.0	9838.0	12635.0	12200.0	11791.0	11985.0	9554.0	9542.0	9299.0	12595.0	9738.0	9568.0	5957.0	6303.0	6579.0	7368.0	7394.0	7395.0	6311.0	6382.0	6353.0	6584.0	5372.0	7156.0	7227.0	7396.0	5771.0	9498.0	10046.0	8967.0	9463.0	10738.0	11740.0	10568.0	10036.0	10252.0	10395.0	10365.0	11715.0	11755.0	11773.0	9713.0	9742.0	9782.0	9790.0	9749.0	9772.0	9702.0	9743.0	9773.0	9786.0	9734.0	9745.0	9757.0	9791.0	10657.0	9333.0	5694.0	6426.0	6469.0	6522.0	7532.0	6434.0	6166.0	6493.0	6530.0	7345.0	6030.0	7602.0	6109.0	6843.0	6390.0	11132.0	6148.0	7089.0	6134.0	6541.0	6142.0	7051.0	7250.0	6494.0
Colhig2.aa	6179.0	6491.0	6464.0	6386.0	6141.0	6109.0	6416.0	6351.0	6158.0	6368.0	5440.0	10356.0	10022.0	9569.0	9939.0	9061.0	10362.0	10063.0	9823.0	9518.0	10109.0	9536.0	10204.0	0.0	10006.0	10082.0	10339.0	9631.0	10123.0	9899.0	9742.0	10328.0	10127.0	9949.0	10166.0	9618.0	9731.0	9517.0	10275.0	10043.0	9719.0	5935.0	6209.0	6502.0	7097.0	7167.0	7127.0	6304.0	6368.0	6348.0	6457.0	5348.0	7026.0	7024.0	7229.0	5630.0	9756.0	11987.0	9994.0	11201.0	10156.0	10084.0	10022.0	9973.0	10002.0	10149.0	10125.0	9904.0	9932.0	9952.0	9283.0	9328.0	9369.0	9363.0	9330.0	9360.0	9304.0	9313.0	9331.0	9345.0	9286.0	9299.0	9348.0	9367.0	9359.0	9556.0	5649.0	6409.0	6462.0	6505.0	7230.0	6412.0	6137.0	6416.0	6463.0	7125.0	5960.0	7633.0	6077.0	6803.0	6360.0	9478.0	6137.0	7013.0	6082.0	6487.0	6110.0	6971.0	7257.0	6485.0
Colin1.aa	6003.0	6275.0	6227.0	6160.0	5871.0	5901.0	6177.0	6170.0	5933.0	6125.0	5341.0	9684.0	9452.0	9203.0	9476.0	9242.0	9683.0	9423.0	9356.0	9118.0	9501.0	8887.0	9564.0	10006.0	0.0	9506.0	9679.0	9247.0	9467.0	9301.0	9108.0	9678.0	9532.0	9338.0	9518.0	9305.0	9297.0	9088.0	9616.0	9961.0	9300.0	5729.0	5995.0	6276.0	6715.0	6781.0	6738.0	6080.0	6135.0	6128.0	6243.0	5257.0	6713.0	6664.0	6852.0	5283.0	10204.0	9873.0	8788.0	9279.0	9413.0	9500.0	9308.0	9333.0	9326.0	9460.0	9460.0	9296.0	9320.0	9334.0	8748.0	8804.0	8817.0	8824.0	8813.0	8824.0	8760.0	8805.0	8815.0	8832.0	8778.0	8786.0	8803.0	8799.0	8912.0	9179.0	5489.0	6113.0	6174.0	6204.0	6804.0	6141.0	5923.0	6216.0	6271.0	6783.0	5788.0	7236.0	5893.0	6544.0	6157.0	9016.0	5982.0	6678.0	5865.0	6224.0	5923.0	6660.0	6976.0	6172.0
Collu1.aa	6238.0	6581.0	6511.0	6456.0	6155.0	6136.0	6473.0	6469.0	6184.0	6425.0	5469.0	13885.0	12147.0	9331.0	9640.0	8819.0	13805.0	13090.0	9581.0	9317.0	11978.0	9997.0	11994.0	10082.0	9506.0	0.0	13752.0	9398.0	12143.0	11045.0	9778.0	13748.0	11800.0	11373.0	12121.0	9455.0	9498.0	9220.0	13729.0	9656.0	9483.0	5991.0	6330.0	6626.0	7340.0	7339.0	7341.0	6339.0	6413.0	6389.0	6577.0	5415.0	7158.0	7221.0	7389.0	5765.0	9365.0	9958.0	8915.0	9384.0	10610.0	11866.0	10436.0	9962.0	10157.0	10309.0	10264.0	11868.0	11892.0	11892.0	9618.0	9657.0	9676.0	9703.0	9659.0	9682.0	9632.0	9657.0	9695.0	9687.0	9635.0	9641.0	9663.0	9701.0	10673.0	9279.0	5709.0	6467.0	6510.0	6540.0	7486.0	6453.0	6193.0	6508.0	6554.0	7310.0	6042.0	7594.0	6124.0	6882.0	6434.0	10674.0	6163.0	7099.0	6167.0	6545.0	6168.0	7079.0	7263.0	6525.0
Colme1.aa	6310.0	6636.0	6556.0	6497.0	6216.0	6211.0	6511.0	6518.0	6232.0	6486.0	5489.0	14906.0	12479.0	9491.0	9825.0	8954.0	15403.0	14355.0	9737.0	9484.0	12632.0	10314.0	12636.0	10339.0	9679.0	13752.0	0.0	9578.0	12896.0	11696.0	10034.0	15681.0	12412.0	11856.0	12910.0	9648.0	9657.0	9413.0	15265.0	9860.0	9656.0	6054.0	6387.0	6661.0	7433.0	7466.0	7468.0	6378.0	6446.0	6441.0	6657.0	5435.0	7259.0	7338.0	7518.0	5875.0	9621.0	10167.0	9101.0	9612.0	11012.0	12297.0	10815.0	10238.0	10472.0	10607.0	10584.0	12531.0	12568.0	12591.0	9909.0	9964.0	9972.0	10009.0	9963.0	9971.0	9894.0	9945.0	9989.0	9980.0	9934.0	9936.0	9948.0	9984.0	10962.0	9496.0	5774.0	6515.0	6550.0	6576.0	7617.0	6517.0	6256.0	6585.0	6622.0	7445.0	6076.0	7683.0	6187.0	6940.0	6473.0	10940.0	6204.0	7173.0	6258.0	6645.0	6240.0	7155.0	7340.0	6585.0
Colna1.aa	6151.0	6381.0	6400.0	6344.0	6051.0	6016.0	6392.0	6380.0	6152.0	6319.0	5473.0	9579.0	9335.0	10410.0	10392.0	8464.0	9567.0	9335.0	10465.0	10284.0	9335.0	8754.0	9491.0	9631.0	9247.0	9398.0	9578.0	0.0	9328.0	9384.0	8985.0	9563.0	9452.0	9209.0	9385.0	10515.0	10413.0	9969.0	9520.0	9390.0	10509.0	5842.0	6206.0	6470.0	6828.0	6822.0	6768.0	6274.0	6321.0	6304.0	6394.0	5366.0	6816.0	6717.0	6925.0	5370.0	9080.0	9490.0	8720.0	9100.0	9311.0	9308.0	9198.0	9168.0	9270.0	9398.0	9389.0	9127.0	9146.0	9160.0	8598.0	8636.0	8691.0	8685.0	8645.0	8660.0	8618.0	8628.0	8683.0	8668.0	8614.0	8629.0	8651.0	8664.0	8740.0	11178.0	5635.0	6338.0	6394.0	6418.0	6902.0	6343.0	6023.0	6373.0	6449.0	6824.0	5921.0	7209.0	6095.0	6760.0	6330.0	8879.0	6151.0	6882.0	6016.0	6410.0	6070.0	6828.0	7026.0	6408.0
Colny1.aa	6190.0	6510.0	6443.0	6399.0	6103.0	6091.0	6408.0	6393.0	6127.0	6348.0	5402.0	12969.0	12062.0	9273.0	9619.0	8778.0	12909.0	12296.0	9514.0	9259.0	12348.0	10085.0	12029.0	10123.0	9467.0	12143.0	12896.0	9328.0	0.0	11051.0	9778.0	12900.0	11711.0	11597.0	12715.0	9428.0	9430.0	9242.0	12865.0	9664.0	9440.0	5940.0	6263.0	6536.0	7312.0	7338.0	7353.0	6283.0	6345.0	6326.0	6573.0	5336.0	7128.0	7189.0	7354.0	5765.0	9449.0	9988.0	8901.0	9389.0	10718.0	12166.0	10556.0	9944.0	10180.0	10321.0	10295.0	12234.0	12275.0	12300.0	9707.0	9768.0	9776.0	9803.0	9765.0	9784.0	9715.0	9770.0	9788.0	9790.0	9746.0	9730.0	9766.0	9789.0	10833.0	9234.0	5698.0	6410.0	6424.0	6487.0	7485.0	6401.0	6155.0	6463.0	6507.0	7311.0	5997.0	7572.0	6072.0	6810.0	6375.0	10760.0	6107.0	7038.0	6149.0	6517.0	6122.0	7017.0	7208.0	6473.0
Color1.aa	6266.0	6514.0	6551.0	6477.0	6187.0	6156.0	6470.0	6457.0	6232.0	6409.0	5498.0	11640.0	10924.0	9384.0	9615.0	8721.0	11747.0	11367.0	9539.0	9298.0	11016.0	9508.0	11291.0	9899.0	9301.0	11045.0	11696.0	9384.0	11051.0	0.0	9605.0	11717.0	11182.0	10850.0	11059.0	9449.0	9446.0	9245.0	11668.0	9458.0	9471.0	5999.0	6323.0	6586.0	7136.0	7088.0	7086.0	6363.0	6438.0	6409.0	6562.0	5409.0	7021.0	6997.0	7167.0	5600.0	9214.0	9752.0	8884.0	9347.0	10166.0	10776.0	9983.0	9712.0	9924.0	10045.0	9999.0	10754.0	10782.0	10824.0	9229.0	9288.0	9286.0	9302.0	9287.0	9312.0	9251.0	9276.0	9275.0	9300.0	9246.0	9255.0	9276.0	9289.0	9961.0	9340.0	5746.0	6461.0	6525.0	6554.0	7204.0	6463.0	6209.0	6482.0	6525.0	7157.0	6079.0	7459.0	6149.0	6871.0	6440.0	10097.0	6213.0	7041.0	6156.0	6512.0	6178.0	7005.0	7217.0	6531.0
Colorb1.aa	6154.0	6409.0	6438.0	6372.0	6053.0	6039.0	6418.0	6368.0	6086.0	6291.0	5444.0	10031.0	9696.0	8950.0	9161.0	8700.0	10041.0	9708.0	9165.0	8921.0	9791.0	9789.0	9838.0	9742.0	9108.0	9778.0	10034.0	8985.0	9778.0	9605.0	0.0	10034.0	9793.0	9630.0	9826.0	9043.0	9072.0	8895.0	9961.0	9179.0	9065.0	5873.0	6215.0	6504.0	6984.0	6954.0	6979.0	6296.0	6332.0	6325.0	6494.0	5340.0	6920.0	6881.0	7107.0	5507.0	8958.0	9648.0	8680.0	9095.0	10371.0	9758.0	10230.0	9947.0	10135.0	10289.0	10250.0	9604.0	9630.0	9630.0	9504.0	9562.0	9570.0	9586.0	9564.0	9549.0	9541.0	9558.0	9595.0	9595.0	9523.0	9555.0	9549.0	9593.0	9114.0	8928.0	5644.0	6344.0	6431.0	6463.0	7048.0	6359.0	6058.0	6370.0	6430.0	7028.0	5930.0	7391.0	6064.0	6775.0	6353.0	9243.0	6096.0	6899.0	6086.0	6421.0	6072.0	6932.0	7131.0	6405.0
Colpa1.aa	6304.0	6627.0	6548.0	6504.0	6221.0	6199.0	6505.0	6517.0	6226.0	6474.0	5486.0	14911.0	12522.0	9489.0	9836.0	8969.0	15408.0	14449.0	9735.0	9484.0	12679.0	10315.0	12635.0	10328.0	9678.0	13748.0	15681.0	9563.0	12900.0	11717.0	10034.0	0.0	12434.0	11862.0	12912.0	9629.0	9644.0	9394.0	15305.0	9849.0	9658.0	6047.0	6382.0	6652.0	7430.0	7456.0	7461.0	6381.0	6450.0	6439.0	6670.0	5429.0	7264.0	7338.0	7526.0	5881.0	9623.0	10169.0	9105.0	9610.0	11010.0	12271.0	10805.0	10236.0	10452.0	10593.0	10566.0	12542.0	12579.0	12585.0	9906.0	9958.0	9964.0	10006.0	9957.0	9962.0	9905.0	9945.0	9985.0	9974.0	9934.0	9931.0	9950.0	9979.0	10955.0	9492.0	5772.0	6516.0	6559.0	6594.0	7611.0	6515.0	6256.0	6585.0	6621.0	7431.0	6093.0	7706.0	6188.0	6941.0	6477.0	10929.0	6207.0	7176.0	6242.0	6638.0	6230.0	7148.0	7350.0	6585.0
Colph1.aa	6267.0	6592.0	6527.0	6484.0	6170.0	6152.0	6497.0	6496.0	6230.0	6459.0	5501.0	12102.0	11801.0	9430.0	9703.0	8853.0	12432.0	11885.0	9625.0	9376.0	11696.0	9945.0	12200.0	10127.0	9532.0	11800.0	12412.0	9452.0	11711.0	11182.0	9793.0	12434.0	0.0	11606.0	11750.0	9551.0	9545.0	9284.0	12334.0	9695.0	9556.0	6008.0	6362.0	6652.0	7337.0	7349.0	7351.0	6372.0	6440.0	6403.0	6615.0	5429.0	7161.0	7199.0	7375.0	5740.0	9440.0	10003.0	8943.0	9434.0	10571.0	11533.0	10399.0	9973.0	10171.0	10309.0	10301.0	11467.0	11500.0	11509.0	9608.0	9631.0	9659.0	9677.0	9637.0	9649.0	9604.0	9633.0	9646.0	9670.0	9597.0	9595.0	9647.0	9669.0	10514.0	9335.0	5741.0	6482.0	6528.0	6564.0	7463.0	6466.0	6206.0	6539.0	6564.0	7324.0	6065.0	7637.0	6146.0	6925.0	6441.0	10771.0	6206.0	7113.0	6201.0	6602.0	6210.0	7095.0	7283.0	6547.0
Colsa1.aa	6153.0	6438.0	6400.0	6342.0	6050.0	6050.0	6347.0	6351.0	6091.0	6313.0	5425.0	11800.0	11371.0	9163.0	9470.0	8692.0	11867.0	11416.0	9384.0	9120.0	11611.0	9777.0	11791.0	9949.0	9338.0	11373.0	11856.0	9209.0	11597.0	10850.0	9630.0	11862.0	11606.0	0.0	11637.0	9295.0	9297.0	9149.0	11772.0	9512.0	9325.0	5891.0	6232.0	6486.0	7180.0	7168.0	7157.0	6245.0	6308.0	6289.0	6485.0	5318.0	6980.0	7022.0	7195.0	5596.0	9259.0	9807.0	8781.0	9279.0	10387.0	11281.0	10258.0	9709.0	9958.0	10090.0	10074.0	11305.0	11329.0	11355.0	9491.0	9530.0	9553.0	9575.0	9539.0	9545.0	9498.0	9547.0	9565.0	9577.0	9505.0	9505.0	9538.0	9550.0	10374.0	9127.0	5638.0	6350.0	6385.0	6419.0	7270.0	6348.0	6104.0	6399.0	6434.0	7150.0	5965.0	7441.0	6036.0	6757.0	6315.0	10650.0	6092.0	6911.0	6080.0	6440.0	6081.0	6929.0	7149.0	6436.0
Colsi1.aa	6237.0	6567.0	6484.0	6442.0	6155.0	6143.0	6431.0	6430.0	6153.0	6403.0	5443.0	12732.0	12054.0	9295.0	9641.0	8832.0	12844.0	12222.0	9557.0	9282.0	12412.0	10132.0	11985.0	10166.0	9518.0	12121.0	12910.0	9385.0	12715.0	11059.0	9826.0	12912.0	11750.0	11637.0	0.0	9449.0	9454.0	9277.0	12724.0	9727.0	9503.0	5987.0	6327.0	6581.0	7335.0	7365.0	7374.0	6334.0	6399.0	6375.0	6616.0	5386.0	7186.0	7225.0	7412.0	5788.0	9475.0	10020.0	8976.0	9449.0	10760.0	12145.0	10609.0	10000.0	10217.0	10386.0	10337.0	12245.0	12288.0	12293.0	9786.0	9825.0	9846.0	9875.0	9827.0	9846.0	9782.0	9829.0	9860.0	9869.0	9822.0	9805.0	9834.0	9840.0	10882.0	9293.0	5728.0	6444.0	6470.0	6535.0	7500.0	6434.0	6200.0	6515.0	6545.0	7348.0	6018.0	7611.0	6132.0	6849.0	6406.0	10815.0	6140.0	7096.0	6199.0	6567.0	6181.0	7067.0	7270.0	6512.0
Colso1.aa	6163.0	6439.0	6410.0	6361.0	6093.0	6036.0	6386.0	6370.0	6147.0	6329.0	5473.0	9650.0	9412.0	11018.0	10489.0	8484.0	9616.0	9425.0	10631.0	10390.0	9414.0	8790.0	9554.0	9618.0	9305.0	9455.0	9648.0	10515.0	9428.0	9449.0	9043.0	9629.0	9551.0	9295.0	9449.0	0.0	10544.0	10104.0	9585.0	9462.0	11398.0	5848.0	6249.0	6460.0	6858.0	6866.0	6834.0	6276.0	6324.0	6310.0	6410.0	5365.0	6841.0	6750.0	6956.0	5405.0	9180.0	9494.0	8753.0	9100.0	9413.0	9391.0	9230.0	9209.0	9312.0	9455.0	9420.0	9221.0	9244.0	9259.0	8596.0	8647.0	8673.0	8669.0	8649.0	8664.0	8624.0	8655.0	8672.0	8680.0	8643.0	8622.0	8646.0	8694.0	8795.0	10522.0	5672.0	6389.0	6423.0	6445.0	6947.0	6386.0	6054.0	6461.0	6532.0	6829.0	5947.0	7264.0	6131.0	6762.0	6344.0	8914.0	6160.0	6939.0	6033.0	6430.0	6090.0	6860.0	7026.0	6442.0
Colsu1.aa	6136.0	6409.0	6414.0	6364.0	6099.0	6036.0	6436.0	6401.0	6173.0	6347.0	5467.0	9693.0	9442.0	10413.0	10491.0	8490.0	9652.0	9458.0	11868.0	10426.0	9409.0	8863.0	9542.0	9731.0	9297.0	9498.0	9657.0	10413.0	9430.0	9446.0	9072.0	9644.0	9545.0	9297.0	9454.0	10544.0	0.0	11222.0	9609.0	9477.0	10594.0	5856.0	6257.0	6483.0	6901.0	6873.0	6850.0	6292.0	6349.0	6333.0	6386.0	5362.0	6863.0	6785.0	6948.0	5411.0	9165.0	9557.0	8790.0	9155.0	9462.0	9405.0	9308.0	9254.0	9350.0	9504.0	9466.0	9223.0	9238.0	9273.0	8630.0	8688.0	8714.0	8692.0	8690.0	8682.0	8693.0	8665.0	8706.0	8698.0	8659.0	8661.0	8683.0	8697.0	8776.0	10480.0	5647.0	6387.0	6452.0	6454.0	6974.0	6415.0	6034.0	6426.0	6505.0	6854.0	5938.0	7284.0	6116.0	6784.0	6350.0	8891.0	6166.0	6946.0	6033.0	6449.0	6083.0	6843.0	7048.0	6438.0
Colsub1.aa	6078.0	6328.0	6355.0	6298.0	6020.0	5977.0	6360.0	6317.0	6099.0	6271.0	5417.0	9438.0	9183.0	9976.0	10034.0	8337.0	9413.0	9229.0	10906.0	9985.0	9244.0	8665.0	9299.0	9517.0	9088.0	9220.0	9413.0	9969.0	9242.0	9245.0	8895.0	9394.0	9284.0	9149.0	9277.0	10104.0	11222.0	0.0	9370.0	9275.0	10151.0	5810.0	6159.0	6410.0	6781.0	6754.0	6719.0	6234.0	6279.0	6254.0	6323.0	5320.0	6768.0	6658.0	6839.0	5319.0	8990.0	9367.0	8640.0	8995.0	9214.0	9199.0	9085.0	9041.0	9150.0	9279.0	9243.0	9050.0	9068.0	9098.0	8536.0	8583.0	8608.0	8605.0	8591.0	8585.0	8596.0	8583.0	8613.0	8618.0	8571.0	8551.0	8579.0	8582.0	8667.0	9892.0	5573.0	6312.0	6361.0	6374.0	6839.0	6325.0	5989.0	6323.0	6399.0	6761.0	5877.0	7148.0	6047.0	6658.0	6283.0	8778.0	6069.0	6827.0	5982.0	6333.0	6031.0	6733.0	6944.0	6367.0
Colta1.aa	6282.0	6624.0	6535.0	6483.0	6191.0	6185.0	6498.0	6502.0	6208.0	6458.0	5489.0	15257.0	12442.0	9449.0	9785.0	8901.0	15794.0	14342.0	9696.0	9435.0	12524.0	10203.0	12595.0	10275.0	9616.0	13729.0	15265.0	9520.0	12865.0	11668.0	9961.0	15305.0	12334.0	11772.0	12724.0	9585.0	9609.0	9370.0	0.0	9815.0	9612.0	6047.0	6366.0	6650.0	7386.0	7417.0	7425.0	6368.0	6429.0	6423.0	6636.0	5429.0	7223.0	7305.0	7469.0	5855.0	9565.0	10127.0	9058.0	9568.0	10885.0	12169.0	10694.0	10156.0	10388.0	10515.0	10477.0	12416.0	12452.0	12488.0	9797.0	9848.0	9862.0	9896.0	9848.0	9866.0	9798.0	9824.0	9888.0	9875.0	9842.0	9827.0	9849.0	9860.0	10865.0	9438.0	5767.0	6501.0	6539.0	6574.0	7580.0	6495.0	6233.0	6570.0	6589.0	7389.0	6098.0	7678.0	6161.0	6909.0	6447.0	10863.0	6195.0	7164.0	6234.0	6612.0	6221.0	7118.0	7337.0	6558.0
Colto1.aa	5887.0	6181.0	6148.0	6080.0	5802.0	5783.0	6099.0	6075.0	5864.0	6077.0	5212.0	9877.0	9624.0	9319.0	9673.0	8697.0	9867.0	9566.0	9571.0	9256.0	9696.0	9068.0	9738.0	10043.0	9961.0	9656.0	9860.0	9390.0	9664.0	9458.0	9179.0	9849.0	9695.0	9512.0	9727.0	9462.0	9477.0	9275.0	9815.0	0.0	9483.0	5619.0	5951.0	6203.0	6783.0	6849.0	6835.0	5997.0	6044.0	6039.0	6178.0	5094.0	6710.0	6714.0	6901.0	5391.0	10293.0	9874.0	8787.0	9238.0	9655.0	9641.0	9535.0	9496.0	9479.0	9629.0	9613.0	9458.0	9488.0	9506.0	8858.0	8918.0	8930.0	8950.0	8924.0	8938.0	8876.0	8912.0	8923.0	8943.0	8900.0	8888.0	8912.0	8923.0	8999.0	9312.0	5427.0	6055.0	6096.0	6188.0	6913.0	6085.0	5817.0	6152.0	6232.0	6794.0	5713.0	7223.0	5768.0	6499.0	6053.0	9113.0	5848.0	6692.0	5822.0	6169.0	5822.0	6650.0	6918.0	6121.0
Colzo1.aa	6154.0	6423.0	6462.0	6409.0	6115.0	6048.0	6413.0	6394.0	6197.0	6354.0	5480.0	9678.0	9458.0	10949.0	10482.0	8501.0	9655.0	9460.0	10748.0	10465.0	9437.0	8862.0	9568.0	9719.0	9300.0	9483.0	9656.0	10509.0	9440.0	9471.0	9065.0	9658.0	9556.0	9325.0	9503.0	11398.0	10594.0	10151.0	9612.0	9483.0	0.0	5876.0	6234.0	6484.0	6891.0	6888.0	6847.0	6325.0	6369.0	6360.0	6407.0	5378.0	6884.0	6788.0	6997.0	5455.0	9151.0	9559.0	8776.0	9147.0	9449.0	9414.0	9290.0	9209.0	9355.0	9499.0	9460.0	9254.0	9271.0	9293.0	8643.0	8689.0	8713.0	8705.0	8696.0	8705.0	8681.0	8683.0	8710.0	8704.0	8651.0	8639.0	8684.0	8701.0	8811.0	10542.0	5691.0	6420.0	6458.0	6489.0	6961.0	6415.0	6050.0	6440.0	6530.0	6863.0	5956.0	7293.0	6142.0	6795.0	6387.0	8917.0	6180.0	6986.0	6056.0	6456.0	6115.0	6902.0	7058.0	6475.0
Cormi1.aa	5864.0	5994.0	5627.0	5573.0	5377.0	7408.0	5566.0	5521.0	5493.0	5543.0	4903.0	6060.0	5976.0	5822.0	5916.0	5631.0	6059.0	5977.0	5898.0	5831.0	5969.0	5639.0	5957.0	5935.0	5729.0	5991.0	6054.0	5842.0	5940.0	5999.0	5873.0	6047.0	6008.0	5891.0	5987.0	5848.0	5856.0	5810.0	6047.0	5619.0	5876.0	0.0	5386.0	5586.0	6105.0	6056.0	6059.0	5522.0	5548.0	5551.0	5378.0	5331.0	6152.0	6016.0	6199.0	4707.0	5483.0	5925.0	5579.0	5814.0	6009.0	5960.0	5915.0	5888.0	5977.0	6023.0	6016.0	5878.0	5886.0	5889.0	5713.0	5751.0	5757.0	5765.0	5751.0	5744.0	5730.0	5752.0	5747.0	5760.0	5728.0	5727.0	5751.0	5694.0	5727.0	5842.0	5086.0	5688.0	5595.0	5620.0	6170.0	5620.0	6385.0	5557.0	5572.0	6179.0	5321.0	5827.0	5460.0	5658.0	5568.0	5814.0	5420.0	6194.0	5981.0	6335.0	6030.0	5817.0	5684.0	5654.0
Crypa2.aa	5531.0	5668.0	6230.0	6217.0	5925.0	5517.0	6235.0	6204.0	5939.0	6054.0	5222.0	6374.0	6303.0	6195.0	6225.0	5921.0	6390.0	6316.0	6270.0	6167.0	6296.0	5981.0	6303.0	6209.0	5995.0	6330.0	6387.0	6206.0	6263.0	6323.0	6215.0	6382.0	6362.0	6232.0	6327.0	6249.0	6257.0	6159.0	6366.0	5951.0	6234.0	5386.0	0.0	6315.0	6004.0	5875.0	5862.0	6117.0	6188.0	6165.0	7070.0	4978.0	5981.0	5861.0	6031.0	4647.0	5805.0	6202.0	5837.0	6085.0	6312.0	6286.0	6207.0	6176.0	6368.0	6405.0	6423.0	6191.0	6195.0	6202.0	6004.0	6065.0	6054.0	6062.0	6067.0	6046.0	6055.0	6051.0	6061.0	6067.0	6019.0	6031.0	6037.0	5998.0	6048.0	6181.0	5518.0	6266.0	6292.0	6298.0	5919.0	6270.0	5489.0	5974.0	5969.0	5982.0	5832.0	5956.0	5936.0	6510.0	6148.0	6146.0	5974.0	6059.0	5551.0	5927.0	5622.0	6627.0	5766.0	6275.0
CtCBS203_1.aa	5826.0	5971.0	8119.0	8104.0	7380.0	5733.0	9173.0	9390.0	6205.0	6342.0	5476.0	6660.0	6601.0	6432.0	6481.0	6149.0	6667.0	6568.0	6507.0	6430.0	6539.0	6242.0	6579.0	6502.0	6276.0	6626.0	6661.0	6470.0	6536.0	6586.0	6504.0	6652.0	6652.0	6486.0	6581.0	6460.0	6483.0	6410.0	6650.0	6203.0	6484.0	5586.0	6315.0	0.0	6208.0	6141.0	6109.0	7885.0	7990.0	7934.0	6272.0	5212.0	6226.0	6119.0	6282.0	4809.0	6077.0	6482.0	6104.0	6345.0	6616.0	6555.0	6532.0	6468.0	6623.0	6673.0	6650.0	6480.0	6484.0	6496.0	6282.0	6322.0	6336.0	6358.0	6330.0	6316.0	6303.0	6328.0	6335.0	6334.0	6279.0	6311.0	6328.0	6282.0	6286.0	6438.0	5613.0	7933.0	8114.0	8192.0	6185.0	7894.0	5741.0	6668.0	6702.0	6328.0	5911.0	6226.0	7342.0	7366.0	8010.0	6407.0	6165.0	6415.0	5753.0	6076.0	5806.0	7464.0	6091.0	7965.0
Cylol1.aa	6407.0	6765.0	6143.0	6097.0	5865.0	6305.0	6066.0	6035.0	5914.0	6104.0	5156.0	7436.0	7328.0	6811.0	6901.0	6499.0	7429.0	7244.0	6949.0	6777.0	7318.0	7116.0	7368.0	7097.0	6715.0	7340.0	7433.0	6828.0	7312.0	7136.0	6984.0	7430.0	7337.0	7180.0	7335.0	6858.0	6901.0	6781.0	7386.0	6783.0	6891.0	6105.0	6004.0	6208.0	0.0	9703.0	9874.0	5971.0	6055.0	6047.0	5974.0	5441.0	8121.0	8737.0	8636.0	6933.0	6573.0	7017.0	6427.0	6745.0	7566.0	7276.0	7450.0	7193.0	7300.0	7342.0	7306.0	7175.0	7195.0	7197.0	6970.0	7013.0	7020.0	7037.0	7019.0	6993.0	6994.0	7010.0	7050.0	7012.0	6999.0	6982.0	7014.0	6978.0	6854.0	6778.0	5480.0	6187.0	6138.0	6200.0	10004.0	6201.0	6385.0	6209.0	6275.0	9087.0	5742.0	7030.0	5820.0	6325.0	6072.0	6993.0	5782.0	7386.0	6485.0	7022.0	6434.0	6723.0	6534.0	6252.0
Daces1.aa	6306.0	6675.0	6012.0	5966.0	5761.0	6257.0	6005.0	5960.0	5830.0	6060.0	5085.0	7452.0	7325.0	6784.0	6933.0	6507.0	7463.0	7247.0	6915.0	6747.0	7333.0	7093.0	7394.0	7167.0	6781.0	7339.0	7466.0	6822.0	7338.0	7088.0	6954.0	7456.0	7349.0	7168.0	7365.0	6866.0	6873.0	6754.0	7417.0	6849.0	6888.0	6056.0	5875.0	6141.0	9703.0	0.0	12636.0	5873.0	5949.0	5947.0	5898.0	5379.0	8037.0	8833.0	8634.0	6898.0	6632.0	7074.0	6443.0	6770.0	7552.0	7294.0	7422.0	7198.0	7298.0	7362.0	7331.0	7200.0	7217.0	7225.0	6950.0	7006.0	7019.0	7011.0	7002.0	6988.0	6978.0	7011.0	7012.0	7016.0	6980.0	6977.0	7001.0	6972.0	6834.0	6760.0	5439.0	6057.0	6032.0	6071.0	11510.0	6090.0	6321.0	6258.0	6297.0	9351.0	5652.0	7063.0	5720.0	6235.0	5947.0	6967.0	5718.0	7355.0	6399.0	6921.0	6330.0	6684.0	6543.0	6124.0
Dacma1.aa	6327.0	6692.0	6011.0	5968.0	5747.0	6238.0	5957.0	5925.0	5809.0	6057.0	5032.0	7478.0	7345.0	6751.0	6893.0	6450.0	7470.0	7234.0	6909.0	6715.0	7358.0	7165.0	7395.0	7127.0	6738.0	7341.0	7468.0	6768.0	7353.0	7086.0	6979.0	7461.0	7351.0	7157.0	7374.0	6834.0	6850.0	6719.0	7425.0	6835.0	6847.0	6059.0	5862.0	6109.0	9874.0	12636.0	0.0	5819.0	5911.0	5914.0	5896.0	5331.0	8060.0	8941.0	8651.0	6994.0	6582.0	7035.0	6418.0	6747.0	7654.0	7297.0	7490.0	7246.0	7363.0	7444.0	7392.0	7204.0	7222.0	7228.0	6984.0	7038.0	7057.0	7046.0	7040.0	7030.0	6996.0	7038.0	7065.0	7044.0	7005.0	7015.0	7034.0	7017.0	6810.0	6715.0	5395.0	6071.0	6013.0	6077.0	11776.0	6100.0	6338.0	6216.0	6260.0	9355.0	5641.0	7112.0	5680.0	6216.0	5950.0	6948.0	5682.0	7388.0	6411.0	6984.0	6309.0	6626.0	6534.0	6091.0
Dalba1.aa	5789.0	5855.0	8726.0	8725.0	7198.0	5675.0	7831.0	7749.0	6091.0	6228.0	5457.0	6372.0	6313.0	6279.0	6281.0	5998.0	6389.0	6319.0	6334.0	6270.0	6312.0	5959.0	6311.0	6304.0	6080.0	6339.0	6378.0	6274.0	6283.0	6363.0	6296.0	6381.0	6372.0	6245.0	6334.0	6276.0	6292.0	6234.0	6368.0	5997.0	6325.0	5522.0	6117.0	7885.0	5971.0	5873.0	5819.0	0.0	9361.0	9310.0	6042.0	5178.0	6048.0	5873.0	6074.0	4630.0	5845.0	6271.0	5923.0	6172.0	6325.0	6288.0	6242.0	6248.0	6393.0	6437.0	6427.0	6227.0	6234.0	6242.0	6056.0	6092.0	6133.0	6121.0	6097.0	6083.0	6082.0	6088.0	6102.0	6113.0	6054.0	6092.0	6083.0	6026.0	6057.0	6291.0	5499.0	7644.0	8680.0	8762.0	5892.0	7594.0	5644.0	6482.0	6514.0	6080.0	5810.0	6037.0	7190.0	7139.0	8633.0	6168.0	6119.0	6240.0	5689.0	5943.0	5754.0	7207.0	5978.0	7708.0
Dalloc1.aa	5818.0	5904.0	8902.0	8891.0	7270.0	5721.0	7928.0	7857.0	6113.0	6231.0	5461.0	6433.0	6395.0	6322.0	6330.0	6053.0	6445.0	6381.0	6389.0	6327.0	6366.0	6009.0	6382.0	6368.0	6135.0	6413.0	6446.0	6321.0	6345.0	6438.0	6332.0	6450.0	6440.0	6308.0	6399.0	6324.0	6349.0	6279.0	6429.0	6044.0	6369.0	5548.0	6188.0	7990.0	6055.0	5949.0	5911.0	9361.0	0.0	9732.0	6098.0	5200.0	6111.0	5938.0	6139.0	4685.0	5907.0	6332.0	5993.0	6230.0	6389.0	6360.0	6311.0	6309.0	6457.0	6494.0	6503.0	6280.0	6288.0	6299.0	6098.0	6140.0	6185.0	6159.0	6146.0	6137.0	6136.0	6135.0	6147.0	6160.0	6089.0	6132.0	6135.0	6086.0	6119.0	6337.0	5544.0	7710.0	8857.0	8960.0	5963.0	7715.0	5681.0	6556.0	6584.0	6129.0	5869.0	6118.0	7252.0	7225.0	8775.0	6224.0	6125.0	6303.0	5726.0	5978.0	5791.0	7341.0	6016.0	7801.0
Dalver1.aa	5800.0	5901.0	8869.0	8833.0	7237.0	5712.0	7881.0	7811.0	6120.0	6229.0	5467.0	6424.0	6358.0	6308.0	6322.0	6050.0	6437.0	6369.0	6375.0	6293.0	6341.0	6002.0	6353.0	6348.0	6128.0	6389.0	6441.0	6304.0	6326.0	6409.0	6325.0	6439.0	6403.0	6289.0	6375.0	6310.0	6333.0	6254.0	6423.0	6039.0	6360.0	5551.0	6165.0	7934.0	6047.0	5947.0	5914.0	9310.0	9732.0	0.0	6078.0	5187.0	6108.0	5919.0	6131.0	4671.0	5890.0	6306.0	5982.0	6216.0	6359.0	6335.0	6291.0	6287.0	6446.0	6482.0	6481.0	6267.0	6274.0	6284.0	6095.0	6126.0	6167.0	6151.0	6134.0	6119.0	6116.0	6129.0	6136.0	6150.0	6090.0	6127.0	6132.0	6081.0	6100.0	6322.0	5540.0	7686.0	8805.0	8898.0	5952.0	7667.0	5676.0	6549.0	6570.0	6114.0	5826.0	6082.0	7240.0	7222.0	8738.0	6200.0	6131.0	6289.0	5724.0	5997.0	5788.0	7314.0	5990.0	7777.0
Diaam1.aa	5531.0	5687.0	6203.0	6155.0	5895.0	5519.0	6200.0	6170.0	5892.0	6022.0	5242.0	6657.0	6576.0	6374.0	6406.0	6125.0	6672.0	6576.0	6414.0	6322.0	6585.0	6279.0	6584.0	6457.0	6243.0	6577.0	6657.0	6394.0	6573.0	6562.0	6494.0	6670.0	6615.0	6485.0	6616.0	6410.0	6386.0	6323.0	6636.0	6178.0	6407.0	5378.0	7070.0	6272.0	5974.0	5898.0	5896.0	6042.0	6098.0	6078.0	0.0	4972.0	6034.0	5922.0	6100.0	4721.0	6049.0	6457.0	6040.0	6286.0	6611.0	6577.0	6532.0	6419.0	6589.0	6661.0	6659.0	6482.0	6491.0	6495.0	6344.0	6407.0	6406.0	6399.0	6404.0	6388.0	6381.0	6398.0	6410.0	6421.0	6384.0	6402.0	6376.0	6312.0	6373.0	6356.0	5477.0	6199.0	6231.0	6252.0	6001.0	6195.0	5524.0	5980.0	5982.0	6089.0	5747.0	6019.0	5921.0	6565.0	6114.0	6462.0	5897.0	6081.0	5533.0	5798.0	5559.0	6728.0	5882.0	6241.0
Escweb1.aa	5392.0	5400.0	5240.0	5212.0	4956.0	5491.0	5186.0	5188.0	5129.0	5172.0	4736.0	5433.0	5389.0	5359.0	5349.0	5197.0	5437.0	5380.0	5382.0	5339.0	5354.0	5036.0	5372.0	5348.0	5257.0	5415.0	5435.0	5366.0	5336.0	5409.0	5340.0	5429.0	5429.0	5318.0	5386.0	5365.0	5362.0	5320.0	5429.0	5094.0	5378.0	5331.0	4978.0	5212.0	5441.0	5379.0	5331.0	5178.0	5200.0	5187.0	4972.0	0.0	5541.0	5361.0	5524.0	4176.0	4951.0	5342.0	5077.0	5275.0	5379.0	5355.0	5280.0	5320.0	5393.0	5432.0	5428.0	5264.0	5273.0	5283.0	5154.0	5194.0	5208.0	5213.0	5194.0	5187.0	5187.0	5194.0	5209.0	5218.0	5175.0	5189.0	5191.0	5159.0	5231.0	5341.0	4784.0	5212.0	5208.0	5210.0	5376.0	5178.0	5468.0	5058.0	5050.0	5456.0	4983.0	5243.0	5139.0	5240.0	5181.0	5296.0	5138.0	5541.0	5625.0	5836.0	5764.0	5276.0	5160.0	5207.0
Fusgr1.aa	6477.0	6783.0	6186.0	6094.0	5890.0	6325.0	6143.0	6103.0	5978.0	6182.0	5254.0	7254.0	7131.0	6771.0	6885.0	6556.0	7275.0	7073.0	6888.0	6770.0	7147.0	6826.0	7156.0	7026.0	6713.0	7158.0	7259.0	6816.0	7128.0	7021.0	6920.0	7264.0	7161.0	6980.0	7186.0	6841.0	6863.0	6768.0	7223.0	6710.0	6884.0	6152.0	5981.0	6226.0	8121.0	8037.0	8060.0	6048.0	6111.0	6108.0	6034.0	5541.0	0.0	9535.0	9961.0	8153.0	6473.0	6965.0	6435.0	6726.0	7267.0	7117.0	7141.0	7076.0	7122.0	7198.0	7148.0	7003.0	7029.0	7031.0	6769.0	6826.0	6840.0	6848.0	6824.0	6800.0	6804.0	6812.0	6821.0	6823.0	6786.0	6790.0	6823.0	6775.0	6722.0	6769.0	5458.0	6173.0	6162.0	6214.0	8198.0	6171.0	6402.0	6354.0	6375.0	7969.0	5706.0	6890.0	5900.0	6322.0	6098.0	6844.0	5880.0	7299.0	6380.0	6780.0	6397.0	6675.0	6523.0	6226.0
Fusoxalb1.aa	6280.0	6715.0	6014.0	5958.0	5742.0	6205.0	5955.0	5932.0	5831.0	6041.0	5080.0	7330.0	7157.0	6681.0	6807.0	6433.0	7342.0	7106.0	6801.0	6675.0	7198.0	6975.0	7227.0	7024.0	6664.0	7221.0	7338.0	6717.0	7189.0	6997.0	6881.0	7338.0	7199.0	7022.0	7225.0	6750.0	6785.0	6658.0	7305.0	6714.0	6788.0	6016.0	5861.0	6119.0	8737.0	8833.0	8941.0	5873.0	5938.0	5919.0	5922.0	5361.0	9535.0	0.0	10452.0	9755.0	6523.0	6959.0	6337.0	6639.0	7429.0	7167.0	7326.0	7134.0	7202.0	7274.0	7240.0	7059.0	7081.0	7086.0	6840.0	6884.0	6914.0	6910.0	6889.0	6876.0	6867.0	6880.0	6910.0	6872.0	6875.0	6865.0	6882.0	6851.0	6724.0	6646.0	5333.0	6013.0	6002.0	6052.0	9052.0	6047.0	6293.0	6215.0	6282.0	8220.0	5581.0	7002.0	5698.0	6206.0	5949.0	6855.0	5661.0	7371.0	6368.0	6887.0	6255.0	6658.0	6417.0	6063.0
Fustri1.aa	6479.0	6894.0	6243.0	6149.0	5970.0	6393.0	6147.0	6109.0	5980.0	6235.0	5223.0	7511.0	7361.0	6888.0	7009.0	6632.0	7520.0	7288.0	7016.0	6877.0	7389.0	7091.0	7396.0	7229.0	6852.0	7389.0	7518.0	6925.0	7354.0	7167.0	7107.0	7526.0	7375.0	7195.0	7412.0	6956.0	6948.0	6839.0	7469.0	6901.0	6997.0	6199.0	6031.0	6282.0	8636.0	8634.0	8651.0	6074.0	6139.0	6131.0	6100.0	5524.0	9961.0	10452.0	0.0	8726.0	6688.0	7138.0	6538.0	6850.0	7546.0	7328.0	7440.0	7286.0	7310.0	7383.0	7364.0	7224.0	7248.0	7246.0	6988.0	7042.0	7056.0	7073.0	7038.0	7034.0	7020.0	7031.0	7049.0	7050.0	7018.0	7023.0	7045.0	7000.0	6908.0	6860.0	5482.0	6229.0	6198.0	6275.0	8776.0	6231.0	6487.0	6392.0	6420.0	8300.0	5727.0	7157.0	5921.0	6377.0	6151.0	7022.0	5846.0	7510.0	6469.0	6966.0	6461.0	6870.0	6607.0	6317.0
Fusve2.aa	4969.0	5261.0	4762.0	4708.0	4533.0	4883.0	4679.0	4648.0	4560.0	4788.0	3883.0	5897.0	5736.0	5357.0	5461.0	5086.0	5909.0	5688.0	5449.0	5330.0	5765.0	5642.0	5771.0	5630.0	5283.0	5765.0	5875.0	5370.0	5765.0	5600.0	5507.0	5881.0	5740.0	5596.0	5788.0	5405.0	5411.0	5319.0	5855.0	5391.0	5455.0	4707.0	4647.0	4809.0	6933.0	6898.0	6994.0	4630.0	4685.0	4671.0	4721.0	4176.0	8153.0	9755.0	8726.0	0.0	5170.0	5546.0	5040.0	5289.0	5967.0	5739.0	5900.0	5677.0	5745.0	5844.0	5777.0	5639.0	5658.0	5653.0	5500.0	5542.0	5550.0	5551.0	5538.0	5518.0	5502.0	5538.0	5536.0	5529.0	5509.0	5509.0	5534.0	5523.0	5364.0	5307.0	4132.0	4794.0	4770.0	4788.0	7145.0	4807.0	4943.0	4941.0	4987.0	6600.0	4381.0	5583.0	4469.0	4890.0	4679.0	5450.0	4415.0	5888.0	5046.0	5467.0	4973.0	5314.0	5081.0	4835.0
GCA_001625285.1.aa	5736.0	6004.0	6016.0	5947.0	5645.0	5655.0	5944.0	5921.0	5678.0	5901.0	5081.0	9645.0	9351.0	9047.0	9364.0	8491.0	9643.0	9337.0	9263.0	8946.0	9459.0	8843.0	9498.0	9756.0	10204.0	9365.0	9621.0	9080.0	9449.0	9214.0	8958.0	9623.0	9440.0	9259.0	9475.0	9180.0	9165.0	8990.0	9565.0	10293.0	9151.0	5483.0	5805.0	6077.0	6573.0	6632.0	6582.0	5845.0	5907.0	5890.0	6049.0	4951.0	6473.0	6523.0	6688.0	5170.0	0.0	9588.0	8553.0	8991.0	9418.0	9406.0	9320.0	9254.0	9245.0	9366.0	9362.0	9269.0	9303.0	9317.0	8650.0	8698.0	8712.0	8728.0	8711.0	8723.0	8656.0	8710.0	8709.0	8731.0	8693.0	8693.0	8696.0	8677.0	8772.0	9010.0	5258.0	5903.0	5963.0	6006.0	6687.0	5927.0	5676.0	6004.0	6065.0	6588.0	5557.0	7011.0	5652.0	6333.0	5947.0	8896.0	5704.0	6502.0	5688.0	6010.0	5670.0	6507.0	6733.0	5982.0
GCA_004920355.1.aa	6158.0	6443.0	6428.0	6353.0	6095.0	6080.0	6392.0	6347.0	6130.0	6332.0	5443.0	10186.0	9895.0	9412.0	9723.0	8986.0	10192.0	9877.0	9643.0	9349.0	9973.0	9421.0	10046.0	11987.0	9873.0	9958.0	10167.0	9490.0	9988.0	9752.0	9648.0	10169.0	10003.0	9807.0	10020.0	9494.0	9557.0	9367.0	10127.0	9874.0	9559.0	5925.0	6202.0	6482.0	7017.0	7074.0	7035.0	6271.0	6332.0	6306.0	6457.0	5342.0	6965.0	6959.0	7138.0	5546.0	9588.0	0.0	9753.0	10368.0	9967.0	9968.0	9853.0	9800.0	9827.0	9978.0	9965.0	9773.0	9803.0	9812.0	9254.0	9305.0	9341.0	9344.0	9304.0	9322.0	9291.0	9302.0	9313.0	9332.0	9270.0	9272.0	9318.0	9329.0	9351.0	9389.0	5640.0	6376.0	6426.0	6458.0	7143.0	6367.0	6124.0	6363.0	6414.0	7077.0	5945.0	7584.0	6058.0	6756.0	6330.0	9476.0	6117.0	6946.0	6061.0	6416.0	6080.0	6909.0	7225.0	6438.0
GCA_005350895.1.aa	5831.0	6043.0	6082.0	6011.0	5774.0	5734.0	6063.0	6012.0	5832.0	5996.0	5207.0	9117.0	8835.0	8707.0	8920.0	8168.0	9108.0	8909.0	8859.0	8668.0	8902.0	8324.0	8967.0	9994.0	8788.0	8915.0	9101.0	8720.0	8901.0	8884.0	8680.0	9105.0	8943.0	8781.0	8976.0	8753.0	8790.0	8640.0	9058.0	8787.0	8776.0	5579.0	5837.0	6104.0	6427.0	6443.0	6418.0	5923.0	5993.0	5982.0	6040.0	5077.0	6435.0	6337.0	6538.0	5040.0	8553.0	9753.0	0.0	9385.0	8869.0	8882.0	8733.0	8719.0	8819.0	8943.0	8940.0	8743.0	8767.0	8785.0	8196.0	8252.0	8292.0	8286.0	8250.0	8253.0	8248.0	8233.0	8249.0	8270.0	8208.0	8209.0	8256.0	8254.0	8364.0	8695.0	5320.0	6049.0	6054.0	6085.0	6454.0	6050.0	5762.0	6017.0	6000.0	6514.0	5620.0	6928.0	5823.0	6383.0	5999.0	8496.0	5842.0	6456.0	5684.0	6007.0	5749.0	6421.0	6752.0	6077.0
GCA_006783085.1.aa	6071.0	6321.0	6297.0	6237.0	5973.0	5958.0	6289.0	6246.0	6055.0	6229.0	5420.0	9623.0	9346.0	9047.0	9299.0	8561.0	9620.0	9399.0	9223.0	9016.0	9398.0	8750.0	9463.0	11201.0	9279.0	9384.0	9612.0	9100.0	9389.0	9347.0	9095.0	9610.0	9434.0	9279.0	9449.0	9100.0	9155.0	8995.0	9568.0	9238.0	9147.0	5814.0	6085.0	6345.0	6745.0	6770.0	6747.0	6172.0	6230.0	6216.0	6286.0	5275.0	6726.0	6639.0	6850.0	5289.0	8991.0	10368.0	9385.0	0.0	9343.0	9379.0	9182.0	9191.0	9281.0	9437.0	9407.0	9241.0	9266.0	9282.0	8623.0	8670.0	8699.0	8698.0	8669.0	8688.0	8639.0	8665.0	8666.0	8687.0	8631.0	8638.0	8673.0	8642.0	8787.0	9052.0	5541.0	6247.0	6297.0	6348.0	6812.0	6233.0	5995.0	6259.0	6281.0	6803.0	5856.0	7249.0	5974.0	6617.0	6218.0	8902.0	6076.0	6735.0	5911.0	6261.0	5990.0	6709.0	7044.0	6299.0
GCA_009806415.1.aa	6252.0	6584.0	6502.0	6451.0	6151.0	6183.0	6447.0	6426.0	6165.0	6430.0	5432.0	10966.0	10587.0	9274.0	9576.0	8834.0	11019.0	10514.0	9555.0	9235.0	10703.0	12872.0	10738.0	10156.0	9413.0	10610.0	11012.0	9311.0	10718.0	10166.0	10371.0	11010.0	10571.0	10387.0	10760.0	9413.0	9462.0	9214.0	10885.0	9655.0	9449.0	6009.0	6312.0	6616.0	7566.0	7552.0	7654.0	6325.0	6389.0	6359.0	6611.0	5379.0	7267.0	7429.0	7546.0	5967.0	9418.0	9967.0	8869.0	9343.0	0.0	10710.0	13593.0	10692.0	10940.0	11128.0	11045.0	10531.0	10556.0	10557.0	11856.0	11852.0	11882.0	11935.0	11869.0	11893.0	12000.0	11739.0	11963.0	11837.0	11683.0	11701.0	11887.0	11951.0	9734.0	9252.0	5724.0	6464.0	6514.0	6531.0	7725.0	6466.0	6217.0	6544.0	6584.0	7462.0	6028.0	7695.0	6068.0	6833.0	6427.0	9860.0	6147.0	7220.0	6271.0	6686.0	6218.0	7142.0	7264.0	6529.0
GCA_011075155.1.aa	6204.0	6519.0	6452.0	6399.0	6107.0	6117.0	6404.0	6407.0	6119.0	6384.0	5415.0	12293.0	11828.0	9238.0	9539.0	8793.0	12300.0	11625.0	9489.0	9214.0	11925.0	10173.0	11740.0	10084.0	9500.0	11866.0	12297.0	9308.0	12166.0	10776.0	9758.0	12271.0	11533.0	11281.0	12145.0	9391.0	9405.0	9199.0	12169.0	9641.0	9414.0	5960.0	6286.0	6555.0	7276.0	7294.0	7297.0	6288.0	6360.0	6335.0	6577.0	5355.0	7117.0	7167.0	7328.0	5739.0	9406.0	9968.0	8882.0	9379.0	10710.0	0.0	10567.0	9933.0	10121.0	10293.0	10266.0	11988.0	12025.0	12121.0	9732.0	9776.0	9783.0	9820.0	9774.0	9797.0	9723.0	9771.0	9799.0	9797.0	9745.0	9733.0	9778.0	9790.0	10719.0	9209.0	5687.0	6411.0	6454.0	6505.0	7421.0	6401.0	6165.0	6481.0	6487.0	7289.0	5990.0	7569.0	6078.0	6818.0	6368.0	10687.0	6104.0	7031.0	6147.0	6517.0	6140.0	7016.0	7220.0	6478.0
GCA_011800055.1.aa	6133.0	6481.0	6439.0	6391.0	6064.0	6103.0	6357.0	6346.0	6046.0	6325.0	5336.0	10781.0	10423.0	9113.0	9376.0	8717.0	10822.0	10303.0	9399.0	9076.0	10572.0	12944.0	10568.0	10022.0	9308.0	10436.0	10815.0	9198.0	10556.0	9983.0	10230.0	10805.0	10399.0	10258.0	10609.0	9230.0	9308.0	9085.0	10694.0	9535.0	9290.0	5915.0	6207.0	6532.0	7450.0	7422.0	7490.0	6242.0	6311.0	6291.0	6532.0	5280.0	7141.0	7326.0	7440.0	5900.0	9320.0	9853.0	8733.0	9182.0	13593.0	10567.0	0.0	10510.0	10726.0	10906.0	10835.0	10368.0	10395.0	10398.0	11593.0	11626.0	11638.0	11712.0	11647.0	11668.0	11504.0	11597.0	11684.0	11633.0	11510.0	11559.0	11620.0	11786.0	9626.0	9077.0	5642.0	6411.0	6437.0	6475.0	7612.0	6396.0	6104.0	6444.0	6478.0	7370.0	5917.0	7605.0	5994.0	6756.0	6323.0	9774.0	6057.0	7093.0	6176.0	6607.0	6105.0	7057.0	7154.0	6454.0
GCA_014235925.1.aa	6179.0	6475.0	6404.0	6352.0	6053.0	6074.0	6341.0	6336.0	6074.0	6316.0	5393.0	10226.0	9868.0	9076.0	9391.0	8877.0	10239.0	9865.0	9334.0	9017.0	9970.0	10026.0	10036.0	9973.0	9333.0	9962.0	10238.0	9168.0	9944.0	9712.0	9947.0	10236.0	9973.0	9709.0	10000.0	9209.0	9254.0	9041.0	10156.0	9496.0	9209.0	5888.0	6176.0	6468.0	7193.0	7198.0	7246.0	6248.0	6309.0	6287.0	6419.0	5320.0	7076.0	7134.0	7286.0	5677.0	9254.0	9800.0	8719.0	9191.0	10692.0	9933.0	10510.0	0.0	10444.0	10566.0	10513.0	9789.0	9808.0	9834.0	9629.0	9697.0	9721.0	9723.0	9690.0	9700.0	9615.0	9645.0	9699.0	9703.0	9659.0	9665.0	9685.0	9700.0	9174.0	9055.0	5628.0	6332.0	6370.0	6396.0	7318.0	6352.0	6080.0	6396.0	6486.0	7092.0	5907.0	7581.0	6020.0	6750.0	6312.0	9309.0	6092.0	7008.0	6108.0	6512.0	6097.0	6992.0	7238.0	6394.0
GCA_014235935.1.aa	6276.0	6571.0	6587.0	6523.0	6183.0	6175.0	6479.0	6487.0	6215.0	6465.0	5475.0	10450.0	10092.0	9191.0	9462.0	8881.0	10483.0	10116.0	9460.0	9159.0	10171.0	10241.0	10252.0	10002.0	9326.0	10157.0	10472.0	9270.0	10180.0	9924.0	10135.0	10452.0	10171.0	9958.0	10217.0	9312.0	9350.0	9150.0	10388.0	9479.0	9355.0	5977.0	6368.0	6623.0	7300.0	7298.0	7363.0	6393.0	6457.0	6446.0	6589.0	5393.0	7122.0	7202.0	7310.0	5745.0	9245.0	9827.0	8819.0	9281.0	10940.0	10121.0	10726.0	10444.0	0.0	13738.0	13471.0	9970.0	10000.0	10003.0	9744.0	9826.0	9830.0	9845.0	9835.0	9827.0	9786.0	9792.0	9837.0	9840.0	9782.0	9797.0	9791.0	9828.0	9334.0	9139.0	5714.0	6483.0	6567.0	6579.0	7459.0	6524.0	6159.0	6514.0	6568.0	7256.0	6024.0	7693.0	6152.0	6855.0	6506.0	9482.0	6189.0	7143.0	6175.0	6614.0	6180.0	7085.0	7323.0	6539.0
GCA_014235945.1.aa	6338.0	6632.0	6609.0	6552.0	6253.0	6222.0	6524.0	6541.0	6273.0	6527.0	5526.0	10590.0	10256.0	9307.0	9618.0	9008.0	10614.0	10260.0	9606.0	9304.0	10350.0	10425.0	10395.0	10149.0	9460.0	10309.0	10607.0	9398.0	10321.0	10045.0	10289.0	10593.0	10309.0	10090.0	10386.0	9455.0	9504.0	9279.0	10515.0	9629.0	9499.0	6023.0	6405.0	6673.0	7342.0	7362.0	7444.0	6437.0	6494.0	6482.0	6661.0	5432.0	7198.0	7274.0	7383.0	5844.0	9366.0	9978.0	8943.0	9437.0	11128.0	10293.0	10906.0	10566.0	13738.0	0.0	13618.0	10142.0	10169.0	10175.0	9933.0	10000.0	10007.0	10012.0	10000.0	9990.0	9940.0	9957.0	10013.0	10008.0	9938.0	9955.0	9964.0	10014.0	9469.0	9263.0	5770.0	6541.0	6591.0	6629.0	7516.0	6580.0	6224.0	6564.0	6627.0	7326.0	6082.0	7768.0	6198.0	6924.0	6543.0	9618.0	6249.0	7211.0	6229.0	6670.0	6229.0	7130.0	7415.0	6607.0
GCA_014235955.1.aa	6318.0	6630.0	6609.0	6543.0	6235.0	6196.0	6503.0	6520.0	6278.0	6548.0	5544.0	10560.0	10214.0	9297.0	9603.0	9001.0	10589.0	10226.0	9574.0	9270.0	10310.0	10368.0	10365.0	10125.0	9460.0	10264.0	10584.0	9389.0	10295.0	9999.0	10250.0	10566.0	10301.0	10074.0	10337.0	9420.0	9466.0	9243.0	10477.0	9613.0	9460.0	6016.0	6423.0	6650.0	7306.0	7331.0	7392.0	6427.0	6503.0	6481.0	6659.0	5428.0	7148.0	7240.0	7364.0	5777.0	9362.0	9965.0	8940.0	9407.0	11045.0	10266.0	10835.0	10513.0	13471.0	13618.0	0.0	10085.0	10118.0	10126.0	9861.0	9940.0	9951.0	9948.0	9944.0	9939.0	9893.0	9903.0	9956.0	9943.0	9886.0	9905.0	9911.0	9952.0	9435.0	9257.0	5771.0	6528.0	6597.0	6625.0	7471.0	6559.0	6209.0	6542.0	6616.0	7293.0	6070.0	7753.0	6186.0	6919.0	6531.0	9593.0	6261.0	7186.0	6213.0	6647.0	6221.0	7105.0	7405.0	6591.0
GCA_018906675.1.aa	6116.0	6428.0	6379.0	6322.0	6049.0	6017.0	6333.0	6336.0	6047.0	6282.0	5348.0	12447.0	11787.0	9073.0	9374.0	8627.0	12523.0	11861.0	9323.0	9061.0	12325.0	9892.0	11715.0	9904.0	9296.0	11868.0	12531.0	9127.0	12234.0	10754.0	9604.0	12542.0	11467.0	11305.0	12245.0	9221.0	9223.0	9050.0	12416.0	9458.0	9254.0	5878.0	6191.0	6480.0	7175.0	7200.0	7204.0	6227.0	6280.0	6267.0	6482.0	5264.0	7003.0	7059.0	7224.0	5639.0	9269.0	9773.0	8743.0	9241.0	10531.0	11988.0	10368.0	9789.0	9970.0	10142.0	10085.0	0.0	15262.0	15196.0	9535.0	9580.0	9595.0	9618.0	9579.0	9587.0	9513.0	9572.0	9580.0	9604.0	9548.0	9544.0	9581.0	9574.0	10549.0	9058.0	5630.0	6348.0	6368.0	6411.0	7344.0	6335.0	6055.0	6405.0	6417.0	7180.0	5941.0	7457.0	6023.0	6768.0	6293.0	10531.0	6033.0	6931.0	6048.0	6421.0	6039.0	6944.0	7104.0	6407.0
GCA_018906765.1.aa	6125.0	6443.0	6391.0	6331.0	6048.0	6025.0	6332.0	6343.0	6050.0	6281.0	5357.0	12481.0	11822.0	9097.0	9397.0	8647.0	12563.0	11884.0	9335.0	9074.0	12366.0	9914.0	11755.0	9932.0	9320.0	11892.0	12568.0	9146.0	12275.0	10782.0	9630.0	12579.0	11500.0	11329.0	12288.0	9244.0	9238.0	9068.0	12452.0	9488.0	9271.0	5886.0	6195.0	6484.0	7195.0	7217.0	7222.0	6234.0	6288.0	6274.0	6491.0	5273.0	7029.0	7081.0	7248.0	5658.0	9303.0	9803.0	8767.0	9266.0	10556.0	12025.0	10395.0	9808.0	10000.0	10169.0	10118.0	15262.0	0.0	15258.0	9555.0	9600.0	9617.0	9645.0	9599.0	9612.0	9538.0	9598.0	9603.0	9627.0	9568.0	9568.0	9600.0	9597.0	10579.0	9070.0	5637.0	6348.0	6376.0	6417.0	7355.0	6332.0	6068.0	6413.0	6431.0	7202.0	5940.0	7468.0	6027.0	6769.0	6304.0	10551.0	6043.0	6952.0	6060.0	6441.0	6057.0	6948.0	7120.0	6405.0
GCA_018907675.1.aa	6120.0	6453.0	6393.0	6337.0	6063.0	6034.0	6342.0	6350.0	6068.0	6297.0	5367.0	12543.0	11857.0	9123.0	9409.0	8651.0	12608.0	11917.0	9363.0	9090.0	12400.0	9918.0	11773.0	9952.0	9334.0	11892.0	12591.0	9160.0	12300.0	10824.0	9630.0	12585.0	11509.0	11355.0	12293.0	9259.0	9273.0	9098.0	12488.0	9506.0	9293.0	5889.0	6202.0	6496.0	7197.0	7225.0	7228.0	6242.0	6299.0	6284.0	6495.0	5283.0	7031.0	7086.0	7246.0	5653.0	9317.0	9812.0	8785.0	9282.0	10557.0	12121.0	10398.0	9834.0	10003.0	10175.0	10126.0	15196.0	15258.0	0.0	9557.0	9601.0	9623.0	9645.0	9599.0	9618.0	9539.0	9600.0	9604.0	9629.0	9567.0	9569.0	9609.0	9608.0	10589.0	9090.0	5651.0	6351.0	6383.0	6432.0	7364.0	6350.0	6090.0	6422.0	6439.0	7195.0	5944.0	7471.0	6039.0	6771.0	6313.0	10553.0	6045.0	6957.0	6067.0	6443.0	6064.0	6947.0	7125.0	6422.0
GCA_025327125.1.aa	5944.0	6223.0	6220.0	6150.0	5818.0	5868.0	6137.0	6133.0	5856.0	6061.0	5232.0	9858.0	9596.0	8533.0	8714.0	8296.0	9904.0	9507.0	8715.0	8476.0	9729.0	11320.0	9713.0	9283.0	8748.0	9618.0	9909.0	8598.0	9707.0	9229.0	9504.0	9906.0	9608.0	9491.0	9786.0	8596.0	8630.0	8536.0	9797.0	8858.0	8643.0	5713.0	6004.0	6282.0	6970.0	6950.0	6984.0	6056.0	6098.0	6095.0	6344.0	5154.0	6769.0	6840.0	6988.0	5500.0	8650.0	9254.0	8196.0	8623.0	11856.0	9732.0	11593.0	9629.0	9744.0	9933.0	9861.0	9535.0	9555.0	9557.0	0.0	12204.0	12227.0	12323.0	12205.0	12265.0	11645.0	11739.0	11854.0	11960.0	11699.0	11728.0	12267.0	11706.0	9267.0	8517.0	5475.0	6112.0	6192.0	6213.0	7052.0	6125.0	5900.0	6188.0	6238.0	6968.0	5779.0	7212.0	5814.0	6511.0	6132.0	9340.0	5840.0	6713.0	5921.0	6240.0	5883.0	6738.0	6870.0	6170.0
GCA_025327135.1.aa	6004.0	6276.0	6248.0	6189.0	5862.0	5904.0	6173.0	6170.0	5911.0	6115.0	5278.0	9911.0	9651.0	8559.0	8773.0	8350.0	9950.0	9573.0	8767.0	8532.0	9782.0	11343.0	9742.0	9328.0	8804.0	9657.0	9964.0	8636.0	9768.0	9288.0	9562.0	9958.0	9631.0	9530.0	9825.0	8647.0	8688.0	8583.0	9848.0	8918.0	8689.0	5751.0	6065.0	6322.0	7013.0	7006.0	7038.0	6092.0	6140.0	6126.0	6407.0	5194.0	6826.0	6884.0	7042.0	5542.0	8698.0	9305.0	8252.0	8670.0	11852.0	9776.0	11626.0	9697.0	9826.0	10000.0	9940.0	9580.0	9600.0	9601.0	12204.0	0.0	12187.0	12294.0	12773.0	12237.0	11641.0	11797.0	11888.0	11995.0	11719.0	11776.0	12261.0	11730.0	9315.0	8572.0	5519.0	6168.0	6241.0	6267.0	7124.0	6169.0	5953.0	6238.0	6289.0	7024.0	5818.0	7270.0	5857.0	6559.0	6158.0	9368.0	5910.0	6751.0	5976.0	6278.0	5935.0	6786.0	6931.0	6221.0
GCA_025327145.1.aa	6006.0	6273.0	6278.0	6218.0	5859.0	5920.0	6196.0	6187.0	5913.0	6112.0	5287.0	9916.0	9661.0	8607.0	8793.0	8365.0	9960.0	9574.0	8805.0	8552.0	9797.0	11348.0	9782.0	9369.0	8817.0	9676.0	9972.0	8691.0	9776.0	9286.0	9570.0	9964.0	9659.0	9553.0	9846.0	8673.0	8714.0	8608.0	9862.0	8930.0	8713.0	5757.0	6054.0	6336.0	7020.0	7019.0	7057.0	6133.0	6185.0	6167.0	6406.0	5208.0	6840.0	6914.0	7056.0	5550.0	8712.0	9341.0	8292.0	8699.0	11882.0	9783.0	11638.0	9721.0	9830.0	10007.0	9951.0	9595.0	9617.0	9623.0	12227.0	12187.0	0.0	12299.0	12196.0	12243.0	11687.0	11796.0	11854.0	11983.0	11783.0	11829.0	12268.0	11800.0	9324.0	8601.0	5524.0	6164.0	6265.0	6295.0	7125.0	6171.0	5965.0	6234.0	6294.0	7047.0	5828.0	7287.0	5871.0	6576.0	6199.0	9411.0	5908.0	6758.0	5980.0	6281.0	5943.0	6800.0	6944.0	6217.0
GCA_025327155.1.aa	5993.0	6274.0	6266.0	6211.0	5871.0	5910.0	6210.0	6209.0	5916.0	6118.0	5287.0	9950.0	9686.0	8589.0	8793.0	8367.0	10001.0	9598.0	8785.0	8548.0	9821.0	11404.0	9790.0	9363.0	8824.0	9703.0	10009.0	8685.0	9803.0	9302.0	9586.0	10006.0	9677.0	9575.0	9875.0	8669.0	8692.0	8605.0	9896.0	8950.0	8705.0	5765.0	6062.0	6358.0	7037.0	7011.0	7046.0	6121.0	6159.0	6151.0	6399.0	5213.0	6848.0	6910.0	7073.0	5551.0	8728.0	9344.0	8286.0	8698.0	11935.0	9820.0	11712.0	9723.0	9845.0	10012.0	9948.0	9618.0	9645.0	9645.0	12323.0	12294.0	12299.0	0.0	12292.0	12299.0	11713.0	11831.0	11907.0	12052.0	11833.0	11859.0	12367.0	11818.0	9349.0	8603.0	5523.0	6172.0	6253.0	6276.0	7131.0	6178.0	5966.0	6250.0	6301.0	7038.0	5824.0	7286.0	5877.0	6585.0	6182.0	9427.0	5907.0	6782.0	5975.0	6294.0	5944.0	6801.0	6949.0	6224.0
GCA_025327165.1.aa	6007.0	6279.0	6254.0	6195.0	5859.0	5906.0	6182.0	6180.0	5909.0	6117.0	5284.0	9911.0	9650.0	8564.0	8777.0	8351.0	9954.0	9574.0	8773.0	8537.0	9783.0	11359.0	9749.0	9330.0	8813.0	9659.0	9963.0	8645.0	9765.0	9287.0	9564.0	9957.0	9637.0	9539.0	9827.0	8649.0	8690.0	8591.0	9848.0	8924.0	8696.0	5751.0	6067.0	6330.0	7019.0	7002.0	7040.0	6097.0	6146.0	6134.0	6404.0	5194.0	6824.0	6889.0	7038.0	5538.0	8711.0	9304.0	8250.0	8669.0	11869.0	9774.0	11647.0	9690.0	9835.0	10000.0	9944.0	9579.0	9599.0	9599.0	12205.0	12773.0	12196.0	12292.0	0.0	12229.0	11652.0	11807.0	11882.0	12002.0	11745.0	11803.0	12256.0	11742.0	9317.0	8583.0	5528.0	6171.0	6248.0	6271.0	7129.0	6170.0	5956.0	6237.0	6295.0	7025.0	5826.0	7269.0	5863.0	6558.0	6165.0	9374.0	5913.0	6753.0	5976.0	6280.0	5934.0	6790.0	6927.0	6222.0
GCA_025328335.1.aa	5968.0	6245.0	6257.0	6196.0	5845.0	5891.0	6174.0	6149.0	5909.0	6104.0	5276.0	9922.0	9659.0	8580.0	8782.0	8348.0	9969.0	9573.0	8782.0	8533.0	9798.0	11372.0	9772.0	9360.0	8824.0	9682.0	9971.0	8660.0	9784.0	9312.0	9549.0	9962.0	9649.0	9545.0	9846.0	8664.0	8682.0	8585.0	9866.0	8938.0	8705.0	5744.0	6046.0	6316.0	6993.0	6988.0	7030.0	6083.0	6137.0	6119.0	6388.0	5187.0	6800.0	6876.0	7034.0	5518.0	8723.0	9322.0	8253.0	8688.0	11893.0	9797.0	11668.0	9700.0	9827.0	9990.0	9939.0	9587.0	9612.0	9618.0	12265.0	12237.0	12243.0	12299.0	12229.0	0.0	11687.0	11819.0	11853.0	12007.0	11771.0	11808.0	12263.0	11757.0	9322.0	8594.0	5513.0	6139.0	6230.0	6249.0	7084.0	6158.0	5945.0	6220.0	6281.0	7003.0	5803.0	7269.0	5850.0	6557.0	6164.0	9388.0	5893.0	6743.0	5949.0	6273.0	5923.0	6792.0	6922.0	6201.0
GCA_025328345.1.aa	5965.0	6257.0	6246.0	6189.0	5840.0	5885.0	6179.0	6169.0	5883.0	6102.0	5256.0	9857.0	9585.0	8561.0	8746.0	8304.0	9898.0	9523.0	8753.0	8516.0	9739.0	11192.0	9702.0	9304.0	8760.0	9632.0	9894.0	8618.0	9715.0	9251.0	9541.0	9905.0	9604.0	9498.0	9782.0	8624.0	8693.0	8596.0	9798.0	8876.0	8681.0	5730.0	6055.0	6303.0	6994.0	6978.0	6996.0	6082.0	6136.0	6116.0	6381.0	5187.0	6804.0	6867.0	7020.0	5502.0	8656.0	9291.0	8248.0	8639.0	12000.0	9723.0	11504.0	9615.0	9786.0	9940.0	9893.0	9513.0	9538.0	9539.0	11645.0	11641.0	11687.0	11713.0	11652.0	11687.0	0.0	11575.0	11851.0	11622.0	11568.0	11535.0	11689.0	11544.0	9262.0	8563.0	5524.0	6143.0	6221.0	6248.0	7073.0	6159.0	5943.0	6230.0	6263.0	7001.0	5808.0	7253.0	5853.0	6562.0	6166.0	9331.0	5885.0	6739.0	5960.0	6253.0	5912.0	6764.0	6922.0	6184.0
GCA_025328355.1.aa	5988.0	6264.0	6254.0	6193.0	5843.0	5904.0	6160.0	6173.0	5881.0	6092.0	5273.0	9904.0	9638.0	8549.0	8763.0	8342.0	9938.0	9550.0	8753.0	8531.0	9770.0	11278.0	9743.0	9313.0	8805.0	9657.0	9945.0	8628.0	9770.0	9276.0	9558.0	9945.0	9633.0	9547.0	9829.0	8655.0	8665.0	8583.0	9824.0	8912.0	8683.0	5752.0	6051.0	6328.0	7010.0	7011.0	7038.0	6088.0	6135.0	6129.0	6398.0	5194.0	6812.0	6880.0	7031.0	5538.0	8710.0	9302.0	8233.0	8665.0	11739.0	9771.0	11597.0	9645.0	9792.0	9957.0	9903.0	9572.0	9598.0	9600.0	11739.0	11797.0	11796.0	11831.0	11807.0	11819.0	11575.0	0.0	11719.0	11740.0	11698.0	11684.0	11795.0	11612.0	9322.0	8550.0	5525.0	6146.0	6220.0	6247.0	7102.0	6156.0	5955.0	6234.0	6267.0	7019.0	5811.0	7268.0	5850.0	6550.0	6157.0	9393.0	5889.0	6770.0	5962.0	6269.0	5926.0	6777.0	6941.0	6193.0
GCA_025328625.1.aa	5966.0	6248.0	6261.0	6202.0	5866.0	5906.0	6195.0	6176.0	5894.0	6110.0	5256.0	9940.0	9679.0	8605.0	8782.0	8353.0	9987.0	9585.0	8806.0	8560.0	9789.0	11354.0	9773.0	9331.0	8815.0	9695.0	9989.0	8683.0	9788.0	9275.0	9595.0	9985.0	9646.0	9565.0	9860.0	8672.0	8706.0	8613.0	9888.0	8923.0	8710.0	5747.0	6061.0	6335.0	7050.0	7012.0	7065.0	6102.0	6147.0	6136.0	6410.0	5209.0	6821.0	6910.0	7049.0	5536.0	8709.0	9313.0	8249.0	8666.0	11963.0	9799.0	11684.0	9699.0	9837.0	10013.0	9956.0	9580.0	9603.0	9604.0	11854.0	11888.0	11854.0	11907.0	11882.0	11853.0	11851.0	11719.0	0.0	11870.0	11680.0	11719.0	11888.0	11740.0	9316.0	8581.0	5539.0	6169.0	6240.0	6261.0	7142.0	6180.0	5959.0	6248.0	6284.0	7031.0	5820.0	7276.0	5870.0	6560.0	6173.0	9403.0	5894.0	6769.0	5977.0	6279.0	5929.0	6797.0	6934.0	6216.0
GCA_025328985.1.aa	5999.0	6281.0	6277.0	6217.0	5865.0	5928.0	6186.0	6174.0	5906.0	6110.0	5296.0	9930.0	9683.0	8591.0	8775.0	8384.0	9977.0	9579.0	8793.0	8566.0	9806.0	11346.0	9786.0	9345.0	8832.0	9687.0	9980.0	8668.0	9790.0	9300.0	9595.0	9974.0	9670.0	9577.0	9869.0	8680.0	8698.0	8618.0	9875.0	8943.0	8704.0	5760.0	6067.0	6334.0	7012.0	7016.0	7044.0	6113.0	6160.0	6150.0	6421.0	5218.0	6823.0	6872.0	7050.0	5529.0	8731.0	9332.0	8270.0	8687.0	11837.0	9797.0	11633.0	9703.0	9840.0	10008.0	9943.0	9604.0	9627.0	9629.0	11960.0	11995.0	11983.0	12052.0	12002.0	12007.0	11622.0	11740.0	11870.0	0.0	11729.0	11788.0	12007.0	11756.0	9330.0	8609.0	5568.0	6179.0	6253.0	6270.0	7141.0	6173.0	5964.0	6258.0	6314.0	7025.0	5843.0	7300.0	5873.0	6553.0	6179.0	9414.0	5914.0	6782.0	5977.0	6280.0	5943.0	6790.0	6938.0	6233.0
GCA_025329375.1.aa	5952.0	6241.0	6196.0	6143.0	5821.0	5872.0	6140.0	6130.0	5846.0	6065.0	5251.0	9902.0	9621.0	8541.0	8749.0	8323.0	9950.0	9541.0	8756.0	8513.0	9763.0	11231.0	9734.0	9286.0	8778.0	9635.0	9934.0	8614.0	9746.0	9246.0	9523.0	9934.0	9597.0	9505.0	9822.0	8643.0	8659.0	8571.0	9842.0	8900.0	8651.0	5728.0	6019.0	6279.0	6999.0	6980.0	7005.0	6054.0	6089.0	6090.0	6384.0	5175.0	6786.0	6875.0	7018.0	5509.0	8693.0	9270.0	8208.0	8631.0	11683.0	9745.0	11510.0	9659.0	9782.0	9938.0	9886.0	9548.0	9568.0	9567.0	11699.0	11719.0	11783.0	11833.0	11745.0	11771.0	11568.0	11698.0	11680.0	11729.0	0.0	12169.0	11791.0	11624.0	9280.0	8536.0	5509.0	6129.0	6174.0	6203.0	7082.0	6142.0	5932.0	6182.0	6238.0	7000.0	5787.0	7255.0	5825.0	6514.0	6109.0	9362.0	5870.0	6728.0	5947.0	6248.0	5885.0	6743.0	6891.0	6173.0
GCA_025329385.1.aa	5958.0	6234.0	6234.0	6182.0	5824.0	5868.0	6161.0	6159.0	5866.0	6079.0	5265.0	9876.0	9625.0	8526.0	8736.0	8326.0	9923.0	9529.0	8754.0	8536.0	9746.0	11272.0	9745.0	9299.0	8786.0	9641.0	9936.0	8629.0	9730.0	9255.0	9555.0	9931.0	9595.0	9505.0	9805.0	8622.0	8661.0	8551.0	9827.0	8888.0	8639.0	5727.0	6031.0	6311.0	6982.0	6977.0	7015.0	6092.0	6132.0	6127.0	6402.0	5189.0	6790.0	6865.0	7023.0	5509.0	8693.0	9272.0	8209.0	8638.0	11701.0	9733.0	11559.0	9665.0	9797.0	9955.0	9905.0	9544.0	9568.0	9569.0	11728.0	11776.0	11829.0	11859.0	11803.0	11808.0	11535.0	11684.0	11719.0	11788.0	12169.0	0.0	11823.0	11642.0	9293.0	8531.0	5530.0	6137.0	6208.0	6231.0	7083.0	6151.0	5936.0	6210.0	6263.0	7005.0	5814.0	7262.0	5840.0	6559.0	6151.0	9375.0	5876.0	6749.0	5956.0	6245.0	5896.0	6760.0	6903.0	6182.0
GCA_025330015.1.aa	5978.0	6275.0	6239.0	6181.0	5841.0	5895.0	6187.0	6167.0	5900.0	6094.0	5265.0	9910.0	9645.0	8585.0	8778.0	8354.0	9945.0	9550.0	8772.0	8536.0	9785.0	11359.0	9757.0	9348.0	8803.0	9663.0	9948.0	8651.0	9766.0	9276.0	9549.0	9950.0	9647.0	9538.0	9834.0	8646.0	8683.0	8579.0	9849.0	8912.0	8684.0	5751.0	6037.0	6328.0	7014.0	7001.0	7034.0	6083.0	6135.0	6132.0	6376.0	5191.0	6823.0	6882.0	7045.0	5534.0	8696.0	9318.0	8256.0	8673.0	11887.0	9778.0	11620.0	9685.0	9791.0	9964.0	9911.0	9581.0	9600.0	9609.0	12267.0	12261.0	12268.0	12367.0	12256.0	12263.0	11689.0	11795.0	11888.0	12007.0	11791.0	11823.0	0.0	11771.0	9312.0	8585.0	5503.0	6152.0	6222.0	6244.0	7104.0	6156.0	5956.0	6231.0	6284.0	7018.0	5805.0	7264.0	5838.0	6544.0	6152.0	9398.0	5886.0	6755.0	5977.0	6260.0	5931.0	6787.0	6924.0	6210.0
GCA_027942835.1.aa	5925.0	6218.0	6177.0	6144.0	5799.0	5838.0	6122.0	6132.0	5812.0	6042.0	5215.0	9914.0	9683.0	8609.0	8806.0	8330.0	9967.0	9563.0	8802.0	8547.0	9781.0	11554.0	9791.0	9367.0	8799.0	9701.0	9984.0	8664.0	9789.0	9289.0	9593.0	9979.0	9669.0	9550.0	9840.0	8694.0	8697.0	8582.0	9860.0	8923.0	8701.0	5694.0	5998.0	6282.0	6978.0	6972.0	7017.0	6026.0	6086.0	6081.0	6312.0	5159.0	6775.0	6851.0	7000.0	5523.0	8677.0	9329.0	8254.0	8642.0	11951.0	9790.0	11786.0	9700.0	9828.0	10014.0	9952.0	9574.0	9597.0	9608.0	11706.0	11730.0	11800.0	11818.0	11742.0	11757.0	11544.0	11612.0	11740.0	11756.0	11624.0	11642.0	11771.0	0.0	9326.0	8572.0	5498.0	6118.0	6169.0	6190.0	7108.0	6126.0	5884.0	6171.0	6233.0	6991.0	5752.0	7217.0	5826.0	6504.0	6107.0	9414.0	5827.0	6703.0	5910.0	6215.0	5862.0	6722.0	6887.0	6154.0
GCA_027942845.1.aa	5970.0	6247.0	6188.0	6146.0	5841.0	5874.0	6169.0	6161.0	5891.0	6077.0	5295.0	10924.0	10664.0	8671.0	8917.0	8330.0	10940.0	10532.0	8873.0	8657.0	11000.0	9255.0	10657.0	9359.0	8912.0	10673.0	10962.0	8740.0	10833.0	9961.0	9114.0	10955.0	10514.0	10374.0	10882.0	8795.0	8776.0	8667.0	10865.0	8999.0	8811.0	5727.0	6048.0	6286.0	6854.0	6834.0	6810.0	6057.0	6119.0	6100.0	6373.0	5231.0	6722.0	6724.0	6908.0	5364.0	8772.0	9351.0	8364.0	8787.0	9734.0	10719.0	9626.0	9174.0	9334.0	9469.0	9435.0	10549.0	10579.0	10589.0	9267.0	9315.0	9324.0	9349.0	9317.0	9322.0	9262.0	9322.0	9316.0	9330.0	9280.0	9293.0	9312.0	9326.0	0.0	8661.0	5478.0	6122.0	6181.0	6209.0	6925.0	6106.0	5905.0	6199.0	6210.0	6885.0	5815.0	7187.0	5851.0	6556.0	6121.0	10344.0	5895.0	6637.0	5909.0	6215.0	5908.0	6701.0	6905.0	6184.0
GCA_029226625.1.aa	6128.0	6340.0	6398.0	6348.0	6038.0	6006.0	6379.0	6365.0	6133.0	6294.0	5475.0	9514.0	9227.0	10505.0	10444.0	8421.0	9495.0	9308.0	10501.0	10320.0	9247.0	8611.0	9333.0	9556.0	9179.0	9279.0	9496.0	11178.0	9234.0	9340.0	8928.0	9492.0	9335.0	9127.0	9293.0	10522.0	10480.0	9892.0	9438.0	9312.0	10542.0	5842.0	6181.0	6438.0	6778.0	6760.0	6715.0	6291.0	6337.0	6322.0	6356.0	5341.0	6769.0	6646.0	6860.0	5307.0	9010.0	9389.0	8695.0	9052.0	9252.0	9209.0	9077.0	9055.0	9139.0	9263.0	9257.0	9058.0	9070.0	9090.0	8517.0	8572.0	8601.0	8603.0	8583.0	8594.0	8563.0	8550.0	8581.0	8609.0	8536.0	8531.0	8585.0	8572.0	8661.0	0.0	5621.0	6335.0	6394.0	6417.0	6811.0	6325.0	6012.0	6356.0	6411.0	6769.0	5916.0	7161.0	6070.0	6703.0	6333.0	8774.0	6152.0	6827.0	6006.0	6377.0	6066.0	6781.0	6997.0	6386.0
Grocl1.aa	5179.0	5257.0	5627.0	5609.0	5286.0	5207.0	5541.0	5578.0	5532.0	5530.0	5046.0	5769.0	5723.0	5626.0	5645.0	5413.0	5773.0	5734.0	5660.0	5618.0	5719.0	5391.0	5694.0	5649.0	5489.0	5709.0	5774.0	5635.0	5698.0	5746.0	5644.0	5772.0	5741.0	5638.0	5728.0	5672.0	5647.0	5573.0	5767.0	5427.0	5691.0	5086.0	5518.0	5613.0	5480.0	5439.0	5395.0	5499.0	5544.0	5540.0	5477.0	4784.0	5458.0	5333.0	5482.0	4132.0	5258.0	5640.0	5320.0	5541.0	5724.0	5687.0	5642.0	5628.0	5714.0	5770.0	5771.0	5630.0	5637.0	5651.0	5475.0	5519.0	5524.0	5523.0	5528.0	5513.0	5524.0	5525.0	5539.0	5568.0	5509.0	5530.0	5503.0	5498.0	5478.0	5621.0	0.0	5588.0	5615.0	5600.0	5479.0	5591.0	5184.0	5412.0	5460.0	5544.0	6205.0	5512.0	5374.0	5714.0	5559.0	5574.0	5533.0	5490.0	5193.0	5445.0	5269.0	5782.0	5358.0	5583.0
Hyparg1.aa	5869.0	5977.0	7826.0	7845.0	8532.0	5787.0	7939.0	7739.0	6248.0	6336.0	5444.0	6517.0	6463.0	6363.0	6387.0	6001.0	6528.0	6453.0	6428.0	6315.0	6415.0	6116.0	6426.0	6409.0	6113.0	6467.0	6515.0	6338.0	6410.0	6461.0	6344.0	6516.0	6482.0	6350.0	6444.0	6389.0	6387.0	6312.0	6501.0	6055.0	6420.0	5688.0	6266.0	7933.0	6187.0	6057.0	6071.0	7644.0	7710.0	7686.0	6199.0	5212.0	6173.0	6013.0	6229.0	4794.0	5903.0	6376.0	6049.0	6247.0	6464.0	6411.0	6411.0	6332.0	6483.0	6541.0	6528.0	6348.0	6348.0	6351.0	6112.0	6168.0	6164.0	6172.0	6171.0	6139.0	6143.0	6146.0	6169.0	6179.0	6129.0	6137.0	6152.0	6118.0	6122.0	6335.0	5588.0	0.0	7979.0	8077.0	6159.0	9346.0	5802.0	6542.0	6621.0	6257.0	5858.0	6129.0	7938.0	7179.0	7759.0	6237.0	6131.0	6500.0	5783.0	6152.0	5869.0	7424.0	5991.0	9439.0
Hypcer1.aa	5839.0	5926.0	9019.0	8993.0	7444.0	5738.0	8065.0	7908.0	6181.0	6325.0	5456.0	6548.0	6483.0	6397.0	6439.0	6086.0	6569.0	6482.0	6479.0	6378.0	6450.0	6136.0	6469.0	6462.0	6174.0	6510.0	6550.0	6394.0	6424.0	6525.0	6431.0	6559.0	6528.0	6385.0	6470.0	6423.0	6452.0	6361.0	6539.0	6096.0	6458.0	5595.0	6292.0	8114.0	6138.0	6032.0	6013.0	8680.0	8857.0	8805.0	6231.0	5208.0	6162.0	6002.0	6198.0	4770.0	5963.0	6426.0	6054.0	6297.0	6514.0	6454.0	6437.0	6370.0	6567.0	6591.0	6597.0	6368.0	6376.0	6383.0	6192.0	6241.0	6265.0	6253.0	6248.0	6230.0	6221.0	6220.0	6240.0	6253.0	6174.0	6208.0	6222.0	6169.0	6181.0	6394.0	5615.0	7979.0	0.0	9417.0	6093.0	7909.0	5743.0	6575.0	6614.0	6197.0	5915.0	6147.0	7345.0	7361.0	8826.0	6288.0	6148.0	6480.0	5767.0	6071.0	5857.0	7407.0	6029.0	8003.0
Hypfus1.aa	5856.0	5965.0	9131.0	9123.0	7568.0	5748.0	8167.0	7994.0	6199.0	6309.0	5464.0	6590.0	6513.0	6426.0	6445.0	6112.0	6596.0	6502.0	6517.0	6409.0	6487.0	6170.0	6522.0	6505.0	6204.0	6540.0	6576.0	6418.0	6487.0	6554.0	6463.0	6594.0	6564.0	6419.0	6535.0	6445.0	6454.0	6374.0	6574.0	6188.0	6489.0	5620.0	6298.0	8192.0	6200.0	6071.0	6077.0	8762.0	8960.0	8898.0	6252.0	5210.0	6214.0	6052.0	6275.0	4788.0	6006.0	6458.0	6085.0	6348.0	6531.0	6505.0	6475.0	6396.0	6579.0	6629.0	6625.0	6411.0	6417.0	6432.0	6213.0	6267.0	6295.0	6276.0	6271.0	6249.0	6248.0	6247.0	6261.0	6270.0	6203.0	6231.0	6244.0	6190.0	6209.0	6417.0	5600.0	8077.0	9417.0	0.0	6138.0	7959.0	5757.0	6629.0	6653.0	6273.0	5892.0	6185.0	7394.0	7389.0	8936.0	6323.0	6156.0	6547.0	5801.0	6096.0	5840.0	7491.0	6061.0	8092.0
Ilyeu1.aa	6402.0	6768.0	6073.0	6026.0	5807.0	6370.0	6004.0	5971.0	5875.0	6120.0	5090.0	7618.0	7442.0	6857.0	6997.0	6531.0	7623.0	7373.0	7031.0	6814.0	7469.0	7257.0	7532.0	7230.0	6804.0	7486.0	7617.0	6902.0	7485.0	7204.0	7048.0	7611.0	7463.0	7270.0	7500.0	6947.0	6974.0	6839.0	7580.0	6913.0	6961.0	6170.0	5919.0	6185.0	10004.0	11510.0	11776.0	5892.0	5963.0	5952.0	6001.0	5376.0	8198.0	9052.0	8776.0	7145.0	6687.0	7143.0	6454.0	6812.0	7725.0	7421.0	7612.0	7318.0	7459.0	7516.0	7471.0	7344.0	7355.0	7364.0	7052.0	7124.0	7125.0	7131.0	7129.0	7084.0	7073.0	7102.0	7142.0	7141.0	7082.0	7083.0	7104.0	7108.0	6925.0	6811.0	5479.0	6159.0	6093.0	6138.0	0.0	6143.0	6434.0	6283.0	6334.0	9668.0	5731.0	7240.0	5746.0	6252.0	6006.0	7072.0	5724.0	7544.0	6528.0	7110.0	6403.0	6744.0	6594.0	6150.0
KdCBS826_1.aa	5833.0	5943.0	7794.0	7793.0	8449.0	5786.0	7852.0	7725.0	6203.0	6318.0	5416.0	6502.0	6476.0	6355.0	6410.0	6012.0	6514.0	6452.0	6426.0	6313.0	6403.0	6112.0	6434.0	6412.0	6141.0	6453.0	6517.0	6343.0	6401.0	6463.0	6359.0	6515.0	6466.0	6348.0	6434.0	6386.0	6415.0	6325.0	6495.0	6085.0	6415.0	5620.0	6270.0	7894.0	6201.0	6090.0	6100.0	7594.0	7715.0	7667.0	6195.0	5178.0	6171.0	6047.0	6231.0	4807.0	5927.0	6367.0	6050.0	6233.0	6466.0	6401.0	6396.0	6352.0	6524.0	6580.0	6559.0	6335.0	6332.0	6350.0	6125.0	6169.0	6171.0	6178.0	6170.0	6158.0	6159.0	6156.0	6180.0	6173.0	6142.0	6151.0	6156.0	6126.0	6106.0	6325.0	5591.0	9346.0	7909.0	7959.0	6143.0	0.0	5746.0	6582.0	6626.0	6234.0	5855.0	6136.0	7897.0	7170.0	7712.0	6225.0	6117.0	6473.0	5805.0	6130.0	5859.0	7391.0	5989.0	9407.0
Metac1.aa	6062.0	6151.0	5729.0	5681.0	5455.0	6573.0	5688.0	5618.0	5662.0	5668.0	5045.0	6252.0	6182.0	6041.0	6053.0	5810.0	6262.0	6152.0	6074.0	6002.0	6158.0	5834.0	6166.0	6137.0	5923.0	6193.0	6256.0	6023.0	6155.0	6209.0	6058.0	6256.0	6206.0	6104.0	6200.0	6054.0	6034.0	5989.0	6233.0	5817.0	6050.0	6385.0	5489.0	5741.0	6385.0	6321.0	6338.0	5644.0	5681.0	5676.0	5524.0	5468.0	6402.0	6293.0	6487.0	4943.0	5676.0	6124.0	5762.0	5995.0	6217.0	6165.0	6104.0	6080.0	6159.0	6224.0	6209.0	6055.0	6068.0	6090.0	5900.0	5953.0	5965.0	5966.0	5956.0	5945.0	5943.0	5955.0	5959.0	5964.0	5932.0	5936.0	5956.0	5884.0	5905.0	6012.0	5184.0	5802.0	5743.0	5757.0	6434.0	5746.0	0.0	5674.0	5650.0	6438.0	5429.0	5957.0	5563.0	5801.0	5648.0	6000.0	5551.0	6460.0	6277.0	6574.0	6257.0	5949.0	5828.0	5811.0
Micbo1.aa	5799.0	6059.0	6653.0	6576.0	6286.0	5698.0	6570.0	6553.0	5877.0	6048.0	5275.0	6566.0	6478.0	6389.0	6455.0	6094.0	6574.0	6486.0	6458.0	6338.0	6503.0	6177.0	6493.0	6416.0	6216.0	6508.0	6585.0	6373.0	6463.0	6482.0	6370.0	6585.0	6539.0	6399.0	6515.0	6461.0	6426.0	6323.0	6570.0	6152.0	6440.0	5557.0	5974.0	6668.0	6209.0	6258.0	6216.0	6482.0	6556.0	6549.0	5980.0	5058.0	6354.0	6215.0	6392.0	4941.0	6004.0	6363.0	6017.0	6259.0	6544.0	6481.0	6444.0	6396.0	6514.0	6564.0	6542.0	6405.0	6413.0	6422.0	6188.0	6238.0	6234.0	6250.0	6237.0	6220.0	6230.0	6234.0	6248.0	6258.0	6182.0	6210.0	6231.0	6171.0	6199.0	6356.0	5412.0	6542.0	6575.0	6629.0	6283.0	6582.0	5674.0	0.0	8824.0	6263.0	5712.0	6333.0	6385.0	6677.0	6566.0	6306.0	5889.0	6433.0	5611.0	5944.0	5661.0	6927.0	6106.0	6631.0
Mictri1.aa	5805.0	6095.0	6662.0	6611.0	6326.0	5718.0	6603.0	6586.0	5913.0	6031.0	5266.0	6612.0	6522.0	6469.0	6519.0	6145.0	6609.0	6541.0	6570.0	6408.0	6509.0	6223.0	6530.0	6463.0	6271.0	6554.0	6622.0	6449.0	6507.0	6525.0	6430.0	6621.0	6564.0	6434.0	6545.0	6532.0	6505.0	6399.0	6589.0	6232.0	6530.0	5572.0	5969.0	6702.0	6275.0	6297.0	6260.0	6514.0	6584.0	6570.0	5982.0	5050.0	6375.0	6282.0	6420.0	4987.0	6065.0	6414.0	6000.0	6281.0	6584.0	6487.0	6478.0	6486.0	6568.0	6627.0	6616.0	6417.0	6431.0	6439.0	6238.0	6289.0	6294.0	6301.0	6295.0	6281.0	6263.0	6267.0	6284.0	6314.0	6238.0	6263.0	6284.0	6233.0	6210.0	6411.0	5460.0	6621.0	6614.0	6653.0	6334.0	6626.0	5650.0	8824.0	0.0	6287.0	5780.0	6336.0	6404.0	6719.0	6582.0	6327.0	5874.0	6513.0	5669.0	6013.0	5701.0	6971.0	6123.0	6692.0
Neodi1.aa	6430.0	6709.0	6215.0	6148.0	5919.0	6368.0	6198.0	6150.0	5942.0	6098.0	5237.0	7432.0	7275.0	6779.0	6867.0	6542.0	7448.0	7248.0	6910.0	6768.0	7330.0	6998.0	7345.0	7125.0	6783.0	7310.0	7445.0	6824.0	7311.0	7157.0	7028.0	7431.0	7324.0	7150.0	7348.0	6829.0	6854.0	6761.0	7389.0	6794.0	6863.0	6179.0	5982.0	6328.0	9087.0	9351.0	9355.0	6080.0	6129.0	6114.0	6089.0	5456.0	7969.0	8220.0	8300.0	6600.0	6588.0	7077.0	6514.0	6803.0	7462.0	7289.0	7370.0	7092.0	7256.0	7326.0	7293.0	7180.0	7202.0	7195.0	6968.0	7024.0	7047.0	7038.0	7025.0	7003.0	7001.0	7019.0	7031.0	7025.0	7000.0	7005.0	7018.0	6991.0	6885.0	6769.0	5544.0	6257.0	6197.0	6273.0	9668.0	6234.0	6438.0	6263.0	6287.0	0.0	5813.0	6909.0	5877.0	6385.0	6124.0	6992.0	5819.0	7314.0	6449.0	6849.0	6388.0	6687.0	6587.0	6264.0
Ophpic1.aa	5498.0	5575.0	5926.0	5886.0	5548.0	5456.0	5852.0	5876.0	5830.0	5858.0	5287.0	6078.0	6035.0	5917.0	5957.0	5714.0	6101.0	6040.0	5948.0	5912.0	6015.0	5662.0	6030.0	5960.0	5788.0	6042.0	6076.0	5921.0	5997.0	6079.0	5930.0	6093.0	6065.0	5965.0	6018.0	5947.0	5938.0	5877.0	6098.0	5713.0	5956.0	5321.0	5832.0	5911.0	5742.0	5652.0	5641.0	5810.0	5869.0	5826.0	5747.0	4983.0	5706.0	5581.0	5727.0	4381.0	5557.0	5945.0	5620.0	5856.0	6028.0	5990.0	5917.0	5907.0	6024.0	6082.0	6070.0	5941.0	5940.0	5944.0	5779.0	5818.0	5828.0	5824.0	5826.0	5803.0	5808.0	5811.0	5820.0	5843.0	5787.0	5814.0	5805.0	5752.0	5815.0	5916.0	6205.0	5858.0	5915.0	5892.0	5731.0	5855.0	5429.0	5712.0	5780.0	5813.0	0.0	5854.0	5633.0	6026.0	5857.0	5914.0	5829.0	5754.0	5406.0	5637.0	5512.0	6064.0	5714.0	5848.0
Plecuc1.aa	6122.0	6517.0	6173.0	6123.0	5849.0	5969.0	6135.0	6125.0	6020.0	6212.0	5353.0	7704.0	7564.0	7184.0	7343.0	7056.0	7718.0	7529.0	7335.0	7183.0	7575.0	7251.0	7602.0	7633.0	7236.0	7594.0	7683.0	7209.0	7572.0	7459.0	7391.0	7706.0	7637.0	7441.0	7611.0	7264.0	7284.0	7148.0	7678.0	7223.0	7293.0	5827.0	5956.0	6226.0	7030.0	7063.0	7112.0	6037.0	6118.0	6082.0	6019.0	5243.0	6890.0	7002.0	7157.0	5583.0	7011.0	7584.0	6928.0	7249.0	7695.0	7569.0	7605.0	7581.0	7693.0	7768.0	7753.0	7457.0	7468.0	7471.0	7212.0	7270.0	7287.0	7286.0	7269.0	7269.0	7253.0	7268.0	7276.0	7300.0	7255.0	7262.0	7264.0	7217.0	7187.0	7161.0	5512.0	6129.0	6147.0	6185.0	7240.0	6136.0	5957.0	6333.0	6336.0	6909.0	5854.0	0.0	5875.0	6365.0	6082.0	7287.0	5934.0	6910.0	5951.0	6335.0	5987.0	6613.0	7753.0	6168.0
Porpun1.aa	5744.0	5800.0	7307.0	7270.0	7528.0	5616.0	7312.0	7250.0	5981.0	6048.0	5337.0	6172.0	6123.0	6097.0	6136.0	5800.0	6187.0	6118.0	6140.0	6063.0	6082.0	5720.0	6109.0	6077.0	5893.0	6124.0	6187.0	6095.0	6072.0	6149.0	6064.0	6188.0	6146.0	6036.0	6132.0	6131.0	6116.0	6047.0	6161.0	5768.0	6142.0	5460.0	5936.0	7342.0	5820.0	5720.0	5680.0	7190.0	7252.0	7240.0	5921.0	5139.0	5900.0	5698.0	5921.0	4469.0	5652.0	6058.0	5823.0	5974.0	6068.0	6078.0	5994.0	6020.0	6152.0	6198.0	6186.0	6023.0	6027.0	6039.0	5814.0	5857.0	5871.0	5877.0	5863.0	5850.0	5853.0	5850.0	5870.0	5873.0	5825.0	5840.0	5838.0	5826.0	5851.0	6070.0	5374.0	7938.0	7345.0	7394.0	5746.0	7897.0	5563.0	6385.0	6404.0	5877.0	5633.0	5875.0	0.0	6801.0	7189.0	5982.0	5953.0	6099.0	5565.0	5832.0	5653.0	6892.0	5808.0	8022.0
Pseve2.aa	5899.0	6042.0	7360.0	7301.0	6755.0	5822.0	7356.0	7320.0	6231.0	6347.0	5527.0	6927.0	6876.0	6733.0	6794.0	6428.0	6943.0	6850.0	6801.0	6710.0	6850.0	6465.0	6843.0	6803.0	6544.0	6882.0	6940.0	6760.0	6810.0	6871.0	6775.0	6941.0	6925.0	6757.0	6849.0	6762.0	6784.0	6658.0	6909.0	6499.0	6795.0	5658.0	6510.0	7366.0	6325.0	6235.0	6216.0	7139.0	7225.0	7222.0	6565.0	5240.0	6322.0	6206.0	6377.0	4890.0	6333.0	6756.0	6383.0	6617.0	6833.0	6818.0	6756.0	6750.0	6855.0	6924.0	6919.0	6768.0	6769.0	6771.0	6511.0	6559.0	6576.0	6585.0	6558.0	6557.0	6562.0	6550.0	6560.0	6553.0	6514.0	6559.0	6544.0	6504.0	6556.0	6703.0	5714.0	7179.0	7361.0	7389.0	6252.0	7170.0	5801.0	6677.0	6719.0	6385.0	6026.0	6365.0	6801.0	0.0	7242.0	6674.0	6267.0	6481.0	5815.0	6150.0	5877.0	7832.0	6246.0	7240.0
Roster1.aa	5789.0	5872.0	9593.0	9554.0	7278.0	5686.0	7941.0	7837.0	6112.0	6252.0	5447.0	6450.0	6409.0	6328.0	6347.0	6040.0	6461.0	6402.0	6389.0	6303.0	6383.0	6072.0	6390.0	6360.0	6157.0	6434.0	6473.0	6330.0	6375.0	6440.0	6353.0	6477.0	6441.0	6315.0	6406.0	6344.0	6350.0	6283.0	6447.0	6053.0	6387.0	5568.0	6148.0	8010.0	6072.0	5947.0	5950.0	8633.0	8775.0	8738.0	6114.0	5181.0	6098.0	5949.0	6151.0	4679.0	5947.0	6330.0	5999.0	6218.0	6427.0	6368.0	6323.0	6312.0	6506.0	6543.0	6531.0	6293.0	6304.0	6313.0	6132.0	6158.0	6199.0	6182.0	6165.0	6164.0	6166.0	6157.0	6173.0	6179.0	6109.0	6151.0	6152.0	6107.0	6121.0	6333.0	5559.0	7759.0	8826.0	8936.0	6006.0	7712.0	5648.0	6566.0	6582.0	6124.0	5857.0	6082.0	7189.0	7242.0	0.0	6231.0	6113.0	6334.0	5715.0	6010.0	5801.0	7296.0	5993.0	7781.0
Seagrass.aa	6075.0	6344.0	6295.0	6254.0	5960.0	5969.0	6276.0	6295.0	5998.0	6177.0	5374.0	10918.0	10642.0	8797.0	9035.0	8468.0	10933.0	10541.0	8975.0	8770.0	10787.0	9369.0	11132.0	9478.0	9016.0	10674.0	10940.0	8879.0	10760.0	10097.0	9243.0	10929.0	10771.0	10650.0	10815.0	8914.0	8891.0	8778.0	10863.0	9113.0	8917.0	5814.0	6146.0	6407.0	6993.0	6967.0	6948.0	6168.0	6224.0	6200.0	6462.0	5296.0	6844.0	6855.0	7022.0	5450.0	8896.0	9476.0	8496.0	8902.0	9860.0	10687.0	9774.0	9309.0	9482.0	9618.0	9593.0	10531.0	10551.0	10553.0	9340.0	9368.0	9411.0	9427.0	9374.0	9388.0	9331.0	9393.0	9403.0	9414.0	9362.0	9375.0	9398.0	9414.0	10344.0	8774.0	5574.0	6237.0	6288.0	6323.0	7072.0	6225.0	6000.0	6306.0	6327.0	6992.0	5914.0	7287.0	5982.0	6674.0	6231.0	0.0	6016.0	6749.0	5974.0	6285.0	5993.0	6805.0	7040.0	6292.0
Sorhu1.aa	5691.0	5714.0	6156.0	6148.0	5823.0	5533.0	6113.0	6118.0	6603.0	6748.0	5953.0	6200.0	6156.0	6145.0	6156.0	5911.0	6213.0	6158.0	6159.0	6133.0	6139.0	5778.0	6148.0	6137.0	5982.0	6163.0	6204.0	6151.0	6107.0	6213.0	6096.0	6207.0	6206.0	6092.0	6140.0	6160.0	6166.0	6069.0	6195.0	5848.0	6180.0	5420.0	5974.0	6165.0	5782.0	5718.0	5682.0	6119.0	6125.0	6131.0	5897.0	5138.0	5880.0	5661.0	5846.0	4415.0	5704.0	6117.0	5842.0	6076.0	6147.0	6104.0	6057.0	6092.0	6189.0	6249.0	6261.0	6033.0	6043.0	6045.0	5840.0	5910.0	5908.0	5907.0	5913.0	5893.0	5885.0	5889.0	5894.0	5914.0	5870.0	5876.0	5886.0	5827.0	5895.0	6152.0	5533.0	6131.0	6148.0	6156.0	5724.0	6117.0	5551.0	5889.0	5874.0	5819.0	5829.0	5934.0	5953.0	6267.0	6113.0	6016.0	0.0	5916.0	5511.0	5773.0	5631.0	6258.0	5884.0	6164.0
Stael1.aa	6554.0	6890.0	6426.0	6370.0	6202.0	6390.0	6300.0	6213.0	6131.0	6340.0	5278.0	7187.0	7068.0	6865.0	6920.0	6485.0	7186.0	7028.0	7021.0	6838.0	7072.0	6758.0	7089.0	7013.0	6678.0	7099.0	7173.0	6882.0	7038.0	7041.0	6899.0	7176.0	7113.0	6911.0	7096.0	6939.0	6946.0	6827.0	7164.0	6692.0	6986.0	6194.0	6059.0	6415.0	7386.0	7355.0	7388.0	6240.0	6303.0	6289.0	6081.0	5541.0	7299.0	7371.0	7510.0	5888.0	6502.0	6946.0	6456.0	6735.0	7220.0	7031.0	7093.0	7008.0	7143.0	7211.0	7186.0	6931.0	6952.0	6957.0	6713.0	6751.0	6758.0	6782.0	6753.0	6743.0	6739.0	6770.0	6769.0	6782.0	6728.0	6749.0	6755.0	6703.0	6637.0	6827.0	5490.0	6500.0	6480.0	6547.0	7544.0	6473.0	6460.0	6433.0	6513.0	7314.0	5754.0	6910.0	6099.0	6481.0	6334.0	6749.0	5916.0	0.0	6474.0	6949.0	6460.0	6828.0	6523.0	6545.0
Triaru1.aa	5977.0	6053.0	5763.0	5746.0	5487.0	6157.0	5667.0	5645.0	5592.0	5669.0	5023.0	6250.0	6166.0	6007.0	6057.0	5762.0	6268.0	6143.0	6062.0	5971.0	6169.0	5877.0	6134.0	6082.0	5865.0	6167.0	6258.0	6016.0	6149.0	6156.0	6086.0	6242.0	6201.0	6080.0	6199.0	6033.0	6033.0	5982.0	6234.0	5822.0	6056.0	5981.0	5551.0	5753.0	6485.0	6399.0	6411.0	5689.0	5726.0	5724.0	5533.0	5625.0	6380.0	6368.0	6469.0	5046.0	5688.0	6061.0	5684.0	5911.0	6271.0	6147.0	6176.0	6108.0	6175.0	6229.0	6213.0	6048.0	6060.0	6067.0	5921.0	5976.0	5980.0	5975.0	5976.0	5949.0	5960.0	5962.0	5977.0	5977.0	5947.0	5956.0	5977.0	5910.0	5909.0	6006.0	5193.0	5783.0	5767.0	5801.0	6528.0	5805.0	6277.0	5611.0	5669.0	6449.0	5406.0	5951.0	5565.0	5815.0	5715.0	5974.0	5511.0	6474.0	0.0	8406.0	7557.0	5995.0	5767.0	5825.0
Trihar1.aa	6286.0	6406.0	6094.0	6036.0	5823.0	6521.0	5993.0	5928.0	5875.0	6012.0	5152.0	6641.0	6565.0	6407.0	6450.0	6066.0	6649.0	6522.0	6499.0	6356.0	6547.0	6264.0	6541.0	6487.0	6224.0	6545.0	6645.0	6410.0	6517.0	6512.0	6421.0	6638.0	6602.0	6440.0	6567.0	6430.0	6449.0	6333.0	6612.0	6169.0	6456.0	6335.0	5927.0	6076.0	7022.0	6921.0	6984.0	5943.0	5978.0	5997.0	5798.0	5836.0	6780.0	6887.0	6966.0	5467.0	6010.0	6416.0	6007.0	6261.0	6686.0	6517.0	6607.0	6512.0	6614.0	6670.0	6647.0	6421.0	6441.0	6443.0	6240.0	6278.0	6281.0	6294.0	6280.0	6273.0	6253.0	6269.0	6279.0	6280.0	6248.0	6245.0	6260.0	6215.0	6215.0	6377.0	5445.0	6152.0	6071.0	6096.0	7110.0	6130.0	6574.0	5944.0	6013.0	6849.0	5637.0	6335.0	5832.0	6150.0	6010.0	6285.0	5773.0	6949.0	8406.0	0.0	7992.0	6415.0	6070.0	6183.0
Tripar1.aa	6082.0	6112.0	5858.0	5833.0	5548.0	6228.0	5775.0	5730.0	5693.0	5771.0	5123.0	6229.0	6170.0	6076.0	6103.0	5837.0	6254.0	6152.0	6103.0	6035.0	6157.0	5806.0	6142.0	6110.0	5923.0	6168.0	6240.0	6070.0	6122.0	6178.0	6072.0	6230.0	6210.0	6081.0	6181.0	6090.0	6083.0	6031.0	6221.0	5822.0	6115.0	6030.0	5622.0	5806.0	6434.0	6330.0	6309.0	5754.0	5791.0	5788.0	5559.0	5764.0	6397.0	6255.0	6461.0	4973.0	5670.0	6080.0	5749.0	5990.0	6218.0	6140.0	6105.0	6097.0	6180.0	6229.0	6221.0	6039.0	6057.0	6064.0	5883.0	5935.0	5943.0	5944.0	5934.0	5923.0	5912.0	5926.0	5929.0	5943.0	5885.0	5896.0	5931.0	5862.0	5908.0	6066.0	5269.0	5869.0	5857.0	5840.0	6403.0	5859.0	6257.0	5661.0	5701.0	6388.0	5512.0	5987.0	5653.0	5877.0	5801.0	5993.0	5631.0	6460.0	7557.0	7992.0	0.0	5994.0	5845.0	5892.0
Truan1.aa	6007.0	6236.0	7423.0	7345.0	6971.0	6001.0	7349.0	7250.0	6330.0	6500.0	5510.0	7140.0	7076.0	6810.0	6877.0	6481.0	7151.0	7025.0	6889.0	6748.0	7043.0	6778.0	7051.0	6971.0	6660.0	7079.0	7155.0	6828.0	7017.0	7005.0	6932.0	7148.0	7095.0	6929.0	7067.0	6860.0	6843.0	6733.0	7118.0	6650.0	6902.0	5817.0	6627.0	7464.0	6723.0	6684.0	6626.0	7207.0	7341.0	7314.0	6728.0	5276.0	6675.0	6658.0	6870.0	5314.0	6507.0	6909.0	6421.0	6709.0	7142.0	7016.0	7057.0	6992.0	7085.0	7130.0	7105.0	6944.0	6948.0	6947.0	6738.0	6786.0	6800.0	6801.0	6790.0	6792.0	6764.0	6777.0	6797.0	6790.0	6743.0	6760.0	6787.0	6722.0	6701.0	6781.0	5782.0	7424.0	7407.0	7491.0	6744.0	7391.0	5949.0	6927.0	6971.0	6687.0	6064.0	6613.0	6892.0	7832.0	7296.0	6805.0	6258.0	6828.0	5995.0	6415.0	5994.0	0.0	6372.0	7449.0
Verda1.aa	6030.0	6265.0	6073.0	6015.0	5734.0	5818.0	6047.0	6034.0	5873.0	6020.0	5290.0	7343.0	7234.0	6983.0	7093.0	6842.0	7370.0	7252.0	7081.0	6975.0	7234.0	6811.0	7250.0	7257.0	6976.0	7263.0	7340.0	7026.0	7208.0	7217.0	7131.0	7350.0	7283.0	7149.0	7270.0	7026.0	7048.0	6944.0	7337.0	6918.0	7058.0	5684.0	5766.0	6091.0	6534.0	6543.0	6534.0	5978.0	6016.0	5990.0	5882.0	5160.0	6523.0	6417.0	6607.0	5081.0	6733.0	7225.0	6752.0	7044.0	7264.0	7220.0	7154.0	7238.0	7323.0	7415.0	7405.0	7104.0	7120.0	7125.0	6870.0	6931.0	6944.0	6949.0	6927.0	6922.0	6922.0	6941.0	6934.0	6938.0	6891.0	6903.0	6924.0	6887.0	6905.0	6997.0	5358.0	5991.0	6029.0	6061.0	6594.0	5989.0	5828.0	6106.0	6123.0	6587.0	5714.0	7753.0	5808.0	6246.0	5993.0	7040.0	5884.0	6523.0	5767.0	6070.0	5845.0	6372.0	0.0	6047.0
Xyllon1.aa	5860.0	5991.0	7869.0	7889.0	8786.0	5805.0	7937.0	7772.0	6245.0	6406.0	5459.0	6573.0	6538.0	6420.0	6468.0	6059.0	6580.0	6522.0	6479.0	6382.0	6496.0	6147.0	6494.0	6485.0	6172.0	6525.0	6585.0	6408.0	6473.0	6531.0	6405.0	6585.0	6547.0	6436.0	6512.0	6442.0	6438.0	6367.0	6558.0	6121.0	6475.0	5654.0	6275.0	7965.0	6252.0	6124.0	6091.0	7708.0	7801.0	7777.0	6241.0	5207.0	6226.0	6063.0	6317.0	4835.0	5982.0	6438.0	6077.0	6299.0	6529.0	6478.0	6454.0	6394.0	6539.0	6607.0	6591.0	6407.0	6405.0	6422.0	6170.0	6221.0	6217.0	6224.0	6222.0	6201.0	6184.0	6193.0	6216.0	6233.0	6173.0	6182.0	6210.0	6154.0	6184.0	6386.0	5583.0	9439.0	8003.0	8092.0	6150.0	9407.0	5811.0	6631.0	6692.0	6264.0	5848.0	6168.0	8022.0	7240.0	7781.0	6292.0	6164.0	6545.0	5825.0	6183.0	5892.0	7449.0	6047.0	0.0
